Date,highRisk,lowRisk,normalRisk,asamid,asam,agas,ayar,close_overal
2022-02-28,0.0019934132573286,0.0050465356636981,0.0053747807533446,0.00063368,0.001663537,0.004610806,0.003912061,0.001987781
2022-03-02,0.0020002245969358,0.0018542818293808,0.0017705793785316,0.000984537,-0.001937097,0.000709566,0.008937348,-0.000541241
2022-03-05,0.0004881528894955,-0.0020004293764019,-0.0020738715338999,0.001686427,-0.003450898,0.016128724,-0.016407156,0.013694701
2022-03-06,0.0026919483299486,0.0045555019874037,0.0044514519441831,0.000561511,0.00429671,0.034779366,-0.006611606,0.018155824
2022-03-07,0.0047644102121432,0.0059638614512445,0.005856858027621,0.000561196,0.004795767,0.016555119,0.015315562,0.015237737
2022-03-08,0.0014427634328004,-0.0009007957634912,-0.0009378254456141,0.000490175,0.007176246,-0.007842251,0.019539752,-0.00468838
2022-03-09,0.0025525117525276,0.0026571069992848,0.0025344238710411,0.000701233,0.001052495,0.013845347,0.000261493,0.008720084
2022-03-12,-0.0015260407104223,-0.0012567256217235,-0.0012274663166213,0.001469455,-0.001766005,-0.02212682,0.004857165,-0.011487177
2022-03-13,0.0030062357729465,0.0032545950489644,0.0032373255324295,0.000559391,-0.009587215,-0.001456688,0.016096993,0.001771641
2022-03-14,0.0006971910602505,0.004310995316627,0.004259826409836,0.000489298,-0.014252045,-0.002743749,-0.007613011,-0.000398039
2022-03-15,0.0021371771363222,0.0005231739495747,0.0011770703216229,0.000628546,-0.012036701,0.000649398,0.003026284,0.001862466
2022-03-16,0.0014125830988332,-0.0014549297626712,-0.0015393775520639,0.000767532,-0.003462345,0.014942143,-0.007388671,0.00578714
2022-03-19,0.0045897642645408,0.0019374259371219,0.0015931334052576,0.003621264,-0.003492365,0.032215885,-0.01143266,0.016382246
2022-03-26,0.0057117485694799,0.0062992866128733,0.0059168648323634,0.001597086,0.001770565,0.022429799,0.004184523,0.017064509
2022-03-27,0.0033095588903625,-2.680775353266769e-05,-1.0381660085854744e-05,0.000555122,0.03741492,0.013185442,0.004881054,0.009170292
2022-03-28,0.0032402520286055,0.0015697096484178,0.0014435002366303,0.0,0.0,0.0,0.00698743,0.010644696
2022-03-29,-0.0001138866967442,-0.0002374998112862,0.0001518553836945,0.00104011,0.009400602,-0.000348629,0.006362534,-0.003091878
2022-03-30,0.0023685252407863,0.0014944785245751,0.0018331457502795,0.000554237,0.02799431,-0.00433158,0.008071243,0.012581596
2022-04-03,0.0057148875663126,0.0154940044041768,0.0156602586441184,0.002282901,0.010574558,0.028111109,-0.002736173,0.020611556
2022-04-04,0.0005876204359252,0.0133056180621458,0.0133617228098748,0.000482997,0.003126626,0.002526701,0.002831545,0.004715116
2022-04-05,0.002111614434512,0.0054920751534084,0.0055763449977148,0.000621343,8.22e-06,0.000958024,0.016167213,0.001757967
2022-04-06,-0.0101197094035427,-0.0009559218489168,9.850203829208811e-05,0.000759431,8.22e-06,-0.016917466,-0.002378598,-0.005256009
2022-04-09,-0.0030421556945437,-0.0015339261371968,-0.0014327646503716,0.001446973,0.001003697,-0.012603927,0.017796403,-0.00346192
2022-04-10,0.0190364459468716,-0.0006372841864658,-0.0015219561105276,0.000482089,0.024026052,0.021672784,0.016031964,0.010512429
2022-04-11,0.0032566104087024,0.0037136948132458,0.0037272831129933,0.000619291,0.006111148,0.003901642,0.016434974,0.003718268
2022-04-12,-0.0176987537790454,-0.0066457224530308,-0.0067799400985422,0.000550235,-0.016757882,-0.035800843,-0.004180599,-0.022984908
2022-04-13,-0.0013450839471895,0.0063290097567707,0.006953277905786,0.000549932,0.009148124,0.009402151,-0.02193449,0.005624861
2022-04-16,0.0149799877246809,0.004143925289643,0.0040283594193007,0.001578774,0.034845877,0.010724772,0.013640767,0.009269709
2022-04-17,0.0099928659738028,0.0019719595347866,0.0021981030931559,0.000548763,-0.023396929,0.007364751,0.014617641,0.005019104
2022-04-18,0.0118952423747416,0.002084695908006,0.0018413519269462,0.000548462,0.044397242,0.023801001,0.002880202,0.017911994
2022-04-19,0.0028962812205195,0.0020091048101543,0.0018360278749313,0.000548162,-0.001288664,0.007175164,-0.012831645,0.007532062
2022-04-20,-0.0025687960705765,-0.00061586312217,-0.0003815551117275,0.00102708,0.007580323,-0.004351581,-0.002315268,-0.000515179
2022-04-24,-0.0043335398280877,0.0004279263090612,0.0006446330161205,0.00198211,-0.004996382,-0.012309999,-0.00534251,-0.005017635
2022-04-25,0.0004803081577434,0.0030006799358655,0.002828185526967,0.000272804,-0.000589495,0.004429305,-0.006619504,0.001721564
2022-04-26,0.0037202428743191,0.0022370456468025,0.0030363074637576,0.000546067,0.010345161,0.004781451,0.003618649,0.010211263
2022-04-27,-0.0009332877812993,0.0004567258213559,0.000813736601729,0.000886978,-0.003122179,-0.003301316,0.006233832,-0.000912826
2022-04-30,-0.0005340243463187,0.0033890732923382,0.0036045569399902,0.001362316,0.001756101,0.006842542,0.000211065,0.000717506
2022-05-01,0.0037472691667653,0.0008909020079191,0.000839377220881,0.000612505,-0.006958321,0.000752181,-0.000543039,0.000615843
2022-05-02,-0.0041024007816252,-0.0002110042033555,-0.00012403205414,0.00156389,0.0,0.000727669,-0.002053982,0.004118467
2022-05-07,0.0111823431062383,0.0033511386000989,0.0034947233796857,0.00156077,0.0,0.009423804,0.019227366,0.009167316
2022-05-08,0.0060547388941537,0.0012893279738107,0.0015926647578299,0.000610221,0.0,0.00433779,0.000918862,0.00594242
2022-05-09,-0.001401498390279,0.0005357831187669,-0.0004749956329726,0.000542181,0.0,-0.005342364,-0.002759709,-0.008315818
2022-05-10,0.0014243341122423,-0.0002240903325221,0.0007203100188329,0.000541888,0.0,0.001654131,0.011258655,-0.000393744
2022-05-11,0.01814810200791,0.0023456907989824,0.0025302227915075,0.000879519,0.0,0.032474809,0.026732491,0.01605612
2022-05-14,0.0126562321243963,0.0045601212614432,0.0040255472392076,0.001352584,0.0,0.026824596,0.013695672,0.008884832
2022-05-15,-7.437912655374964e-05,0.0010850541233482,0.0015806413511533,0.000540387,0.038879163,-0.005858118,0.006049326,-0.003446799
2022-05-16,0.0035702693943447,0.0015108271777239,0.0014325226430034,0.000540095,0.000661813,0.010475685,-0.001038522,0.006855556
2022-05-17,0.0034942462979578,0.000516515015425,0.001448275595843,0.00053913,-0.012315017,0.006105537,-0.004559311,0.013934408
2022-05-18,-0.0082624363961222,-0.0015900245577753,-0.0010638178557363,0.001281288,-0.007125123,-0.021933709,-0.007758932,-0.006901991
2022-05-21,-0.002118641659334,0.0006003273753787,0.0003759766797292,0.000875018,-0.008740189,-0.006750884,0.024320045,-0.009630433
2022-05-22,0.0047930247338341,0.0028880362803986,0.0016506199406198,0.00060554,0.021808766,0.004870282,0.015854674,0.001551757
2022-05-23,-0.0073084281282544,-0.0014322455230076,0.0001947869174213,0.000538025,-0.025558558,-0.021270012,-0.008198811,-0.015884935
2022-05-24,0.0079440514496529,0.0047627361255886,0.0042746145686324,0.000537736,-0.006235246,-0.005206729,0.009699752,-0.00097761
2022-05-25,0.0075934270309794,0.0024744839043315,0.0028706321272828,0.000537447,0.000137457,0.009962434,-0.005194255,0.00563976
2022-05-28,0.0020140436812055,0.0041869205881387,0.0029025621118335,0.001677578,-0.000687474,-0.013940453,0.018332188,-0.007110994
2022-05-29,0.0123710198595132,0.0019328200840824,0.0004754242050213,0.000468656,-0.017972242,-0.010443345,0.010760175,-0.012531375
2022-05-30,-0.0015403430400326,0.0014403676715083,0.0005990229838714,0.000602904,0.00237779,0.005690828,0.017288048,0.002163939
2022-05-31,0.0025260400072534,0.0016642027007811,0.0017389033867429,0.000535684,0.010008424,0.001470051,-0.001335377,0.003461459
2022-06-01,-0.0040248146329508,-0.0013567864895501,-0.0004727823092433,0.001939702,-0.001868965,-0.002661805,-0.008129478,-0.000474018
2022-06-06,-0.0062407589658867,-0.0026923975188074,-0.0013032064857531,0.001335031,-0.002219603,-0.01839303,-0.012947935,-0.018107415
2022-06-07,0.0057041614937619,0.0021993642555591,0.0010186415215237,0.00060025,-0.004384293,-0.002981222,0.0100114,0.000711424
2022-06-08,-0.0185114034065358,-0.0029643519317248,-0.0032783381682419,0.000999838,0.019887411,0.002814424,0.005416454,0.003235515
2022-06-11,-7.804589887131289e-05,0.0023460331581395,0.0018028585956497,0.001264673,-0.008376293,-0.004715219,0.029904324,-0.001322259
2022-06-12,0.0325709102780688,0.0101200439006683,0.0056352704866489,0.000532121,0.014374948,0.023543928,0.050588357,0.009242211
2022-06-13,0.0067578045906553,0.0039104840170935,0.0042761799315331,0.000464793,0.009065755,0.032358076,-0.018972496,0.025169943
2022-06-14,-0.0094360270228046,-0.0009764179268534,-0.0012141662265012,0.000531591,0.00651162,-0.006231234,-0.022958373,0.001664912
2022-06-15,-0.0115849279257993,-0.0031479734566801,-0.0034123943620283,0.000597619,0.005205564,-0.015062228,-0.020387995,-0.006201461
2022-06-18,0.0100027726555274,0.0016435118656909,0.0018991952805438,0.001525922,0.00828615,-0.013147136,0.024436462,-0.010665341
2022-06-19,0.0041698202439296,0.0021680438025475,0.0024479809170716,0.000596352,-0.014294981,0.000339668,0.005288707,-0.001147881
2022-06-20,-0.0053181919738311,-0.000714704034738,-0.0010239876104791,0.000595996,0.012775475,0.006627742,-0.011342069,0.0008304
2022-06-21,-0.0080206655699288,-0.0031740345356913,-0.0029952813036492,0.000595641,-0.019899161,-0.004546043,0.000787251,-0.004933795
2022-06-22,0.0048714549933112,6.898657046937253e-05,0.0003860888972868,0.000859451,0.002223196,-0.003733863,0.012336528,-0.004059391
2022-06-25,-0.0178357586065255,-0.0045201945824166,-0.0066805453901877,0.001189197,-0.002358094,-0.01300715,-0.030937626,-0.008553461
2022-06-26,-0.0154824442262551,-0.002167481462066,-0.004876876473436,0.000594069,-0.007447563,-0.023645894,-0.04560931,-0.012572663
2022-06-27,-0.0160890160475229,-0.0020051733378702,-0.0038560078341147,0.000593716,-0.007434978,0.00088759,-0.035653875,0.001813666
2022-06-28,-0.0074863535176909,0.0005104739738339,0.0011218983001834,0.000527525,0.011842512,0.015113974,0.002801111,0.006870393
2022-06-29,0.0047031276400281,0.0016988401588974,0.0021184665865441,0.000922664,-0.002642188,-0.000694662,0.015074494,-0.000474877
2022-07-02,0.0174981895976772,0.0062110364561376,0.0102392569402289,0.001250358,0.021940563,-0.013483862,0.071269755,-0.008014708
2022-07-03,-0.0046021477771973,0.0006030668306521,0.0008445764557616,0.000591764,-0.012824114,0.003394124,0.000872058,0.000901346
2022-07-04,-0.0002546045141488,-0.0003954056499618,-0.0022951062988786,0.000591414,-0.008709504,0.000895113,-0.034690432,0.002771099
2022-07-05,0.001399718739847,0.0007863776829273,0.0016265284282621,0.000525481,0.010388653,-0.000217692,0.015433218,0.002596687
2022-07-06,0.0002090359343539,5.631916103773901e-05,-0.0005798893601857,0.000525205,-0.007206632,-0.011151266,-0.006949727,-0.005622179
2022-07-09,0.0142493658176149,0.0034034287213511,0.0030801737294519,0.001639407,0.005796336,-0.000574932,-0.007316345,-0.002726187
2022-07-11,0.0463762493764634,0.0088599080928508,0.0107080565583152,0.001113238,0.008432092,-0.007467102,0.009078024,-0.007310679
2022-07-12,0.0124781645583477,0.0015748026438651,0.0024491807586706,0.000457494,-0.019786634,0.001748949,-0.006536218,-0.002735053
2022-07-13,0.0053556820875072,0.0021224102209218,0.002521594578225,0.000654506,0.00271518,0.013591387,-0.008871038,0.004383333
2022-07-16,-0.0052674473899279,-0.0010040449246955,-0.0015501300344098,0.001502045,-0.000135584,-0.008815875,0.009980838,-0.006734203
2022-07-17,0.004299823744205,0.0002549135415724,0.0005546489903958,0.000717601,0.003316528,-0.009883137,-0.011048421,-0.006928233
2022-07-19,0.0015844594710141,0.0016476111804931,0.0013496764784701,0.001043219,-0.005488376,0.003888557,-0.004094633,-0.000639325
2022-07-20,0.0118320414235209,0.0034826787580747,0.0043221988140552,0.000521202,-0.003266642,0.006557886,-0.000670559,0.002043736
2022-07-23,0.0073312079596881,0.0027984390307927,0.0035069001099245,0.001561978,0.008755019,0.012516596,0.01057032,0.001086916
2022-07-24,-0.0162731079142278,-0.0043826039463245,-0.0046456182769062,0.000649942,-0.010528916,-0.010963306,-0.001222116,-0.006628303
2022-07-25,-0.0126670102498226,-0.0034664882914368,-0.004097680702672,0.000584652,-0.009192628,-0.021906637,-0.006293938,-0.016773442
2022-07-26,0.0016446726811062,-0.0002814090073902,0.0001880099890946,0.000454637,0.002752927,0.005866507,0.002298186,-0.000672999
2022-07-27,-0.0062848183009098,-0.0008659340352128,-0.0009571034107125,0.000584045,0.007668119,0.009234141,-0.001388957,0.003652958
2022-07-30,0.0038380631761161,-0.0006531290999494,0.0002501890591916,0.001556003,-0.007324536,0.002151069,0.006872283,-0.001970754
2022-07-31,-0.00445296338519,-0.0005165784045314,-0.0007812014736301,0.000647459,-0.014881742,-0.013299658,-0.000902999,-0.012130927
2022-08-01,0.005743845999254,0.003529066142657,0.0030307682359153,0.000517795,0.014125702,0.004209249,-0.003006808,0.002882326
2022-08-02,-0.0040298731846119,-0.0003574517825257,-0.0003677762414764,0.000582118,0.002472189,0.005646523,0.00029317,0.001690494
2022-08-03,0.0002561793031096,0.0006166642246965,0.0004031087174941,0.00051658,-0.00364174,0.009722952,-0.003442688,0.005119525
2022-08-06,-0.0001274903700802,0.0022723952782418,0.002454246340056,0.002324535,0.000412939,0.016205789,-0.007998352,0.008011592
2022-08-09,-0.0104925058035479,-0.0010250053711706,-0.001191522405135,0.001030608,0.002954415,-0.00288543,0.005991309,0.002081656
2022-08-10,0.0004537178119727,-0.0005014928440017,-0.0002119241067083,0.000643832,-0.001922813,-0.0059898,-0.010501739,-0.002397872
2022-08-13,0.0172322829057543,0.0051032663234839,0.005799057174108,0.001608091,-0.000962795,0.023451009,-0.02555247,0.012784042
2022-08-14,-0.0146609478449296,-0.004188972551696,-0.0037370537146769,0.000642385,0.011288732,-0.003983357,-0.023233725,-0.002352365
2022-08-15,-9.744293753125689e-05,-0.0006301861647744,-0.0002592084131469,0.000513739,-0.003475657,0.003462636,-0.018039429,3.01e-05
2022-08-16,-0.0035606884923315,-0.001407776689402,-0.0013849183061766,0.000577561,0.0,-0.007533419,2.88e-05,-0.002871514
2022-08-17,-0.0017885378801163,-0.0021348319394851,-0.0016000369121711,0.000705953,0.0,-0.010033372,-0.025440304,-0.005566266
2022-08-20,-0.0088762442557307,-0.0046706087308931,-0.0039749751605419,0.001537023,-0.001503041,-0.010001138,-0.029369986,-0.008705279
2022-08-21,-0.0046731093613938,-0.0010467000663536,-0.0010284230471236,0.000575935,-0.009342011,-0.005062829,0.003022013,-0.00621351
2022-08-22,0.0023052424938181,0.0061820337890349,0.0040623569904349,0.000447862,0.018326552,-0.002571777,0.04271831,-0.003790498
2022-08-23,0.0014546833367267,0.0024246030303245,0.001772412052019,0.000575346,-0.009873765,0.009931735,-0.010746018,0.004885914
2022-08-24,-0.0043898323751989,-0.0028678759436811,-0.0032335766867876,0.000638814,0.000957592,0.014416033,-0.021965059,0.007584922
2022-08-27,0.0022649488359749,0.0022455444195262,0.0020780166249189,0.001722953,0.002253561,0.00575147,0.03716908,0.005305124
2022-08-28,-0.0032271909791813,-0.0024823692138389,-0.0023858862128963,0.000510006,-0.004238163,-0.007284444,-0.012668495,-0.004117579
2022-08-29,0.0004328797951792,0.0007916934708125,6.629090401745062e-05,0.000636983,-0.00068526,0.005426619,-0.00315566,0.000728361
2022-08-30,-0.0019163410736353,-0.0024671742489308,-0.0021433759227104,0.000509421,-0.002883231,-0.003199841,0.000472546,-0.002717546
2022-08-31,-0.0014596398384071,-0.0025188853250877,-0.0016150253816363,0.000827495,0.000274952,-0.000143502,0.009286025,-0.00127807
2022-09-03,-0.0002012737594755,0.0006537807100271,0.0004227826085836,0.001461378,0.000137448,-0.011342706,0.013682871,-0.008676762
2022-09-04,-0.0005879937814508,-0.0002683114036016,-0.0008175649704801,0.000507998,0.007121367,0.001088089,0.004375776,-2.31e-05
2022-09-05,-0.000643633548855,-0.000298223948375,-0.0003906515108167,0.00057111,0.001772446,0.001243847,-0.00969898,-9.01e-05
2022-09-06,-0.0010492496731796,-0.0009141467528841,-0.0010591970938237,0.000570784,0.00312819,-0.004899818,0.001507277,-0.004175783
2022-09-07,-0.000481730364433,-0.0003637639841224,-0.0003781715545309,0.000570459,6.79e-05,-0.004497428,-0.010979007,-0.005628499
2022-09-10,0.0016185058276656,0.0015096427398681,0.0016253223839496,0.001646237,-0.007564693,-0.010187696,0.015400421,-0.010977539
2022-09-11,-0.0017454738479234,-0.0012954217752035,-0.0015880230628103,0.000506038,-0.004387776,-0.003007578,0.00758387,-0.004807541
2022-09-12,3.4152085427131915e-05,-0.0014198669132171,-0.0016274934256989,0.000568908,-0.004407114,0.00699956,0.021515697,-0.001267762
2022-09-13,-0.0024938561538094,-0.0045885229307331,-0.0049750147002711,0.000568585,0.003375938,0.002057224,0.024238998,0.002987892
2022-09-14,0.000196074449849,9.385922874742666e-05,4.203583083912065e-05,0.000631312,-0.006971074,-0.003062966,-0.013735073,-0.002909204
2022-09-18,0.0025032753196368,0.0030651722649564,0.0030888249475137,0.002143861,0.008689111,-0.008416251,0.002518779,-0.00806814
2022-09-19,0.0039958152998068,0.0054274952777955,0.0056232600141611,0.000566687,0.001097996,-0.000779852,-0.017542126,-0.002977102
2022-09-20,-0.0005983610268411,-8.569298286016502e-05,-0.0003199251126544,0.000566366,-0.005226253,-0.004978311,0.003566901,-0.004933459
2022-09-21,-0.0044498640075444,-0.006777158849416,-0.0072026770495427,0.000566046,-0.011720374,-0.004665676,-0.008050377,-0.008683517
2022-09-24,-0.0051760708393358,-0.0058030991853389,-0.0064105919349829,0.001696217,-0.009039689,-0.02032417,0.009366954,-0.020164445
2022-09-26,0.002828972314437,0.0025217758194764,0.0024023982433378,0.001380326,-0.010330524,0.009310166,0.004860019,0.004703019
2022-09-28,0.003703923652629,0.0045856410453305,0.0048619244836248,0.001065113,0.017554824,0.012575786,-0.005280033,0.009037993
2022-10-01,0.0020764586972274,-0.004481615011791,-0.0046814142170463,0.001501247,0.002861232,-0.025708714,0.046250186,-0.01171624
2022-10-02,0.0014086993158088,-0.0002177161511206,-0.0011576326811093,0.000562543,-0.006852694,-0.001230502,0.012702524,-0.006674294
2022-10-03,0.0017258697189744,0.0027972662045316,0.0021892295185913,0.000624607,-0.009446669,-0.000936665,0.007209165,-0.002508086
2022-10-04,0.0005352048131258,0.0005348859403961,0.0001005403566737,0.001435554,0.004804984,0.002218358,-0.003414126,-0.003693053
2022-10-08,-0.0002510908256812,0.0016334474484094,0.0013571327845183,0.001308466,-0.001975727,0.004422134,-0.020409752,0.002180513
2022-10-09,-0.0026118610771725,-1.609840744600335e-05,0.0009860364909208,0.000560336,0.002962129,-0.012873246,-0.007221525,-0.008877991
2022-10-10,0.0008040343973886,0.0024071725204503,0.0028988922018018,0.000560023,0.008554852,0.002708999,0.001297148,-0.000891222
2022-10-11,0.0039806718163864,-0.001181814961879,-0.0013965884894559,0.000559709,0.010211613,0.00675354,0.013253879,0.007378912
2022-10-12,0.0033777778217926,0.0031508411265465,0.0026274446870964,0.000746206,0.000207318,0.007851489,0.000799172,0.004718075
2022-10-15,-0.0012680138433605,-0.0009148470638383,-0.0011933927066075,0.001490123,0.002897953,-0.001423046,-0.00282671,-0.00143717
2022-10-16,0.0003059996792212,0.0005631629628155,0.0003311870021654,0.000620075,-0.01254913,-0.004038407,0.010784282,-0.005030103
2022-10-17,-4.2650418319711695e-05,-0.0002743052369074,-3.7043278088512834e-05,0.000557801,-0.003214538,0.000867643,-0.006281072,-0.000139644
2022-10-18,-0.0003622581836184,0.0001425755179251,0.0007335417314122,0.00055749,0.011344382,0.002827424,-0.00948313,0.001116379
2022-10-19,-0.0001419849243044,0.0001616151583998,0.0004858513978516,0.00080444,-0.007223257,0.000292529,-0.001504115,-0.001828096
2022-10-22,0.0017935149263084,0.0013462554132406,0.0016454414212165,0.001484135,0.005075624,0.001689657,0.005949553,-0.000920842
2022-10-23,-0.0011440066762753,-0.0007452251841047,-0.0007189755386023,0.000494223,0.001663087,-0.004605619,-0.003372528,-0.009334934
2022-10-24,-0.0028474200120431,-0.0022393892824995,-0.0022287937194571,0.000555631,-0.000207735,-0.016781181,-0.008102685,-0.014807529
2022-10-25,-0.001666270293567,-0.0030810473824091,-0.0031158692594001,0.000616938,-0.004859433,-0.011162366,0.004584239,-0.008390658
2022-10-26,-0.0022828302767897,-0.0082084654807527,-0.0083083962185143,0.0007397,-0.01450977,-0.022289785,0.005955403,-0.02074717
2022-10-29,0.0031931506495288,0.007532505038618,0.0075789465769434,0.001416897,-0.004529057,0.000294945,0.00528174,0.002883489
2022-10-30,0.0016030507568669,0.0052134509481675,0.0052512046545088,0.00061523,-0.006332513,0.009591932,0.001010426,0.0078729
2022-10-31,0.0041259466306799,-0.001083086127548,-0.0011234524264979,0.000492034,0.014878064,0.014969786,0.013358913,0.012176683
2022-11-01,0.005447420058984,0.0013758206922956,0.0013272440615615,0.000614549,-0.000140657,0.012051978,0.019426514,0.00833071
2022-11-02,0.0050113850459414,0.0024782971442667,0.0024177419901394,0.000675507,0.006729312,-0.002406659,0.027399864,0.002406088
2022-11-05,0.0100572396459092,0.009519495514456,0.0095062543752447,0.001533993,0.016490362,0.044490143,0.016234235,0.034295564
2022-11-06,-0.0115937502682339,0.0010095678566199,0.003820617319142,0.000612817,0.003361578,0.016698282,-0.02366948,0.012234945
2022-11-07,0.0122805391011443,0.0055431166651667,0.0043945089869857,0.000551275,0.027759862,0.034479727,0.013970582,0.032972728
2022-11-08,-0.0121323034104081,0.0015496335755456,0.0038896861241234,0.000612104,0.01277444,0.000917785,-0.023673917,0.012855645
2022-11-09,0.0011925971807613,-0.001235251026825,-0.0017590851301658,0.000550634,-0.011443059,-0.002567259,0.002085387,0.004686904
2022-11-12,-0.0010499955911017,-0.0007410980269823,-0.000800165143164,0.001589088,0.024186247,0.006651852,-0.003639489,0.008272347
2022-11-13,0.0020933614072823,-0.0021065045740827,-0.0021712945177979,0.000671993,-0.012414403,-0.008351253,0.005619232,-0.004889446
2022-11-14,0.0099512968641218,0.003303261906761,0.0020637899343584,0.000549089,0.001445372,-0.008088185,0.017792057,-0.007757153
2022-11-15,0.0090969122380134,0.0021477419111969,0.0010603731009867,0.000548787,0.003865942,0.010388753,0.013655482,0.001621637
2022-11-16,-0.003477133810943,-0.0014187019446705,-0.0010555426317599,0.000609343,-0.004062915,0.003329516,-0.006285151,0.002205357
2022-11-19,-0.0043826029841723,-0.002643088640632,-0.0021938673183792,0.0015828,-0.009699525,-0.020720566,-0.003839578,-0.014615256
2022-11-20,0.0099345991819664,0.0049485501873435,0.0048613081044269,0.000608009,-0.007119836,0.012370128,0.014244107,0.008266148
2022-11-21,0.0011892463280837,0.0008862739646341,0.0006453388392532,0.000546953,0.018197359,-0.005486924,0.001686911,0.002822883
2022-11-22,0.0046450164191005,0.0023341167290816,0.0019353730010286,0.000607308,-0.010480963,-0.003459618,0.007301583,-0.000670253
2022-11-23,-3.5816770391687927e-06,0.000442437143147,0.0006169170150457,0.000546322,-0.000132538,0.00522064,-0.000776415,0.001798611
2022-11-26,0.0084460581466591,0.0038239380867787,0.0036922263227794,0.001697696,0.013559976,-0.002225569,0.01443251,-0.001404486
2022-11-27,0.0074986037826804,0.0031819059752013,0.0025458078795536,0.000605579,-0.01761085,-0.001466581,0.013448423,-0.00143448
2022-11-28,0.0058605187426004,0.0029948237482062,0.0025788837733598,0.00048432,0.003653154,0.001752464,0.008811689,0.001533537
2022-11-29,-0.0077710464318011,-0.002118624237258,-0.0017418252177703,0.000544504,-0.011536153,0.002438875,-0.014943244,0.004149512
2022-11-30,0.0043608450242319,0.0024259283515512,0.0023339381727625,0.000664969,0.006151397,0.001578983,0.006013552,0.002237059
2022-12-03,0.0039898801017747,0.002397184890415,0.0021010124856571,0.001630653,0.001531955,-0.000261025,0.006118455,0.000245495
2022-12-04,0.0101865326537209,0.0040160270763947,0.0034926102926988,0.000603807,0.004714328,-0.002804324,0.017327081,8.44e-05
2022-12-05,0.0094121443109257,0.004062710821106,0.0037502485485455,0.00048182,0.008771697,0.00158133,0.014739786,-0.002991267
2022-12-06,-0.0070514178168976,-0.0025019172821665,-0.0020972084838482,0.000603152,-0.008970445,-0.001081767,-0.011195234,-0.002975763
2022-12-07,-0.0067182282189179,-0.0024612064026902,-0.0021544455693291,0.000722461,0.007130155,-0.00294207,-0.009766266,-0.004675294
2022-12-10,0.0152930344673234,0.0058746902059629,0.004846966470186,0.001624081,-0.012577949,-0.013776868,0.027957328,-0.013703738
2022-12-11,0.0110381258518215,0.0050079356850755,0.0048907191416145,0.000600776,-0.00433956,0.007422538,0.01613626,0.004056621
2022-12-12,0.0223894553684687,0.0103769602987404,0.0095185485926999,0.00054045,0.000802568,0.021402192,0.030219735,0.014287431
2022-12-13,0.0110599269571352,0.0068136954453483,0.007065057044074,0.000540158,0.018283498,0.036300965,0.008215891,0.031517325
2022-12-14,0.0031284155877769,0.0026892719770907,0.002829335998221,0.000659664,0.006999211,0.015126249,0.000170917,0.012488982
2022-12-17,-0.0022880114069669,-0.0004115210005512,-0.0004822799274159,0.001737847,-0.004835347,-0.006281372,-0.002587907,-0.001921573
2022-12-18,0.0039682421067017,0.0027987114585615,0.0029603374918687,0.000538574,0.01753064,0.016221519,-0.002852235,0.020409338
2022-12-19,-0.0065962778023325,-0.0024143850420089,-0.0020429484759147,0.000598009,-0.008012967,-0.000585848,-0.010687637,0.000444363
2022-12-20,-0.0020086080186523,-0.000842075590692,-0.000918134736678,0.000657338,0.011867279,-0.014759978,0.002471421,-0.005889418
2022-12-21,-0.0026984717601493,-0.0005177247183841,-0.0003149704399044,0.000656906,-0.004949073,0.00240983,-0.005667516,0.002747855
2022-12-24,0.0314027165931071,0.0142824197391833,0.0134446735061357,0.001610903,0.009363244,0.03932885,0.036162264,0.027555857
2022-12-25,0.016697111053047,0.0079143987624151,0.0073485959383741,0.000656013,0.009339628,0.012216881,0.021402585,0.016485054
2022-12-26,0.0187381057334637,0.0079012152656485,0.0071544103850068,0.000595516,-0.000759157,0.001285771,0.029733221,0.008171731
2022-12-28,0.0468423908749835,0.0211745314765272,0.0196517039129746,0.001249371,0.011765212,0.041700835,0.059085513,0.04400465
2022-12-31,-0.0725137711384717,-0.0299291274038156,-0.0274530739379248,0.001782197,-0.002254228,-0.052784667,-0.103168142,-0.035100783
2023-01-01,-0.005476226293519,-0.0017841735871906,-0.0017320207159934,0.000593953,-0.018474523,-0.004735605,0.00091725,-0.016565165
2023-01-02,0.0257402875707957,0.0108371615242727,0.0103499451102111,0.000533782,0.012249066,0.026056758,0.029684292,0.018317484
2023-01-03,-0.014148539838299,-0.0051704583603527,-0.0055081895720811,0.000651883,-0.011100301,-0.008582157,-0.025297616,-0.001212759
2023-01-04,0.001863796400322,0.0011381238229018,0.0004294038284323,0.00053315,0.016447739,-0.013673535,0.00616305,-0.007720853
2023-01-07,0.0215521874094079,0.009773099122897,0.0095559724298568,0.001893018,-0.004653804,0.024345196,0.02865649,0.011926959
2023-01-08,0.0269081179563242,0.0112197387476661,0.0109160289797957,0.000531859,0.008536331,0.026232028,0.036066382,0.022991708
2023-01-09,-0.0004430498673089,-0.0008335612162088,-0.0007964635386214,0.000650124,0.008959741,0.001082483,-0.007195705,0.007115277
2023-01-10,0.0141473452281577,0.0036788281014103,0.0035373061845213,0.000590173,-0.009835124,0.007909212,0.002391331,0.012839093
2023-01-11,-0.0093035016486824,-0.0012627232889433,-0.0013495203755112,0.00064873,0.005925112,-0.01837426,0.002463219,-0.009698011
2023-01-14,0.0011381051851813,0.0056067114146562,0.0055142202537441,0.001767287,-0.002428168,0.002389887,0.02677679,-0.005081022
2023-01-16,0.0224267159693183,0.0083450163954833,0.0082097901382351,0.001118314,0.010294665,0.037045785,0.017294262,0.022237302
2023-01-17,0.0120617936040409,0.0093905407102559,0.0093330338562136,0.000587745,0.003756509,-0.003098271,0.04208598,0.003784461
2023-01-18,0.0164343741581016,0.012296542573626,0.0122810767739389,0.000704721,0.007836935,-0.000417818,0.056319849,0.001241873
2023-01-21,0.0071645496383135,0.0137320582314776,0.0136064818692785,0.001701369,0.010193644,-0.013624229,0.073746747,-0.018867105
2023-01-22,0.0214527970437838,0.0185341692845708,0.0183970036248115,0.000762127,0.004036515,0.009286617,0.089298713,-0.002808703
2023-01-23,-0.0152132968538052,-0.0136748347990868,-0.0136312005049001,0.000527062,0.008203393,0.01158463,-0.074767919,0.000619377
2023-01-24,-0.0513091848183368,-0.0172740787688604,-0.0171898684671726,0.000526784,-0.01714173,-0.01232441,-0.078481685,-0.004784915
2023-01-25,-0.0158106670097952,-0.005572258256731,-0.0055414202117236,0.000760161,-0.019356233,-0.023935269,-0.01297577,-0.020932318
2023-01-28,0.0519457340564474,0.0173643786917931,0.017302212342955,0.001636386,0.011560822,-0.009406034,0.082730232,-0.007393283
2023-01-29,0.0208907896909906,0.0046521854913298,0.0044927877578767,0.000641801,-0.001897127,-0.033774565,0.045921153,-0.036851065
2023-01-30,-0.0028970893032352,-0.0001085022621207,-9.849139425411712e-05,0.000583151,0.001958265,0.005609603,-0.005035859,-0.001629595
2023-01-31,-0.0268196518736949,-0.0065660482071532,-0.0075714629355074,0.000641016,0.011851,0.011977316,-0.053437013,0.010898712
2023-02-01,0.0028023147979863,0.0011479934869457,0.001280507112144,0.000873821,0.01350196,-0.006938492,0.005889479,0.000444538
2023-02-05,-0.0352003433702799,-0.0104329672738169,-0.0114749811363687,0.002151624,-0.006518187,-0.014645544,-0.054133093,-0.011012326
2023-02-06,0.0102449877940707,0.0033436542569993,0.0036444619009968,0.000580679,-0.001080497,0.002702182,0.018263938,-0.001514012
2023-02-07,0.0035248899284571,0.0034476702028747,0.0032726213032823,0.000580342,0.017798619,0.020414942,-0.00576322,0.012058993
2023-02-08,-0.0020305261281506,-0.0002112605924022,-0.0002238494418659,0.000928079,0.002004009,-0.001207318,-0.002396309,0.001005074
2023-02-12,0.0329039607640416,0.0104676829388744,0.0115036927850172,0.002084745,0.000706339,-0.011782115,0.052225564,-0.007798407
2023-02-13,0.0039772853333859,0.0003674158267078,0.0003492034681764,0.000578261,-0.002651349,0.000446346,-6.19e-05,0.001486561
2023-02-14,0.0077281920302027,0.0025415281317159,0.0029159889278719,0.000577927,0.003239585,-0.005326452,0.018525047,-0.006685506
2023-02-15,0.025329214308424,0.0079349464787413,0.0087883787234585,0.000808883,-0.015347995,-0.006225192,0.044174056,-0.008597994
2023-02-19,0.0541454217401859,0.0190480898020272,0.0207008561611847,0.002191426,0.001133956,0.01915114,0.088075423,0.005605735
2023-02-20,-0.0051898036768234,0.0060603261520039,0.0049042641569997,0.000633374,0.048719152,0.053659263,-0.014385216,0.038945788
2023-02-21,-0.0197241581298143,-0.0001756314415569,-0.0025821007584973,0.000576074,0.001305817,0.016924558,-0.04405932,0.040054537
2023-02-22,0.0241973858775196,0.0048281154413821,0.0063745857939549,0.000690046,0.035887286,-0.009249222,0.038896333,-0.001702709
2023-02-25,0.0751121836684297,0.0291346878320038,0.0302385715576331,0.001723323,0.004205933,0.084407309,0.092768791,0.048421716
2023-02-26,0.0298106987810708,0.0125029780047143,0.011803159225361,0.000688957,0.000762818,0.029934102,0.031782762,0.036987775
2023-02-27,-0.0515317761996816,-0.0179793370195107,-0.0167032413266501,0.000573386,-0.005406747,-0.028749959,-0.06988167,0.002642186
2023-02-28,-0.0150929148082466,-0.0034425734593826,-0.0029752092107461,0.000630288,0.008615102,0.006858527,-0.01634056,0.015927982
2023-03-01,-0.049396984409399,-0.0141678721158046,-0.0164291428862358,0.000629891,0.00681747,-0.023473025,-0.067177074,-0.008933824
2023-03-04,0.0204010747445166,0.0062930108642098,0.0088769840742667,0.001659502,-0.017625436,-0.013830985,0.043320337,-0.01859432
2023-03-05,-0.0259302438308885,-0.0066003165395973,-0.0071770174666863,0.000742569,0.01848783,0.00997313,-0.048634194,0.004322185
2023-03-06,-0.0279277730811531,-0.0091696309036825,-0.0085565613278763,0.000570964,-0.000215529,-0.007994889,-0.044676065,-0.005743442
2023-03-07,-0.0136402931191874,-0.001973494614603,-0.0017837678399636,0.000799144,0.028527073,0.028439912,-0.040240317,0.017729694
2023-03-11,-0.0516855295745309,-0.0148486095991233,-0.0148979270697827,0.002165078,-0.0092603,-0.010671629,-0.089951299,-0.0004797
2023-03-12,0.0111711658049988,0.0029679805140791,0.0026521574405961,0.000512126,-0.021424621,-0.021662785,0.034705076,-0.018635755
2023-03-13,0.0181473577124371,0.0064590356188869,0.0068821973736136,0.000682237,0.00479488,0.00991757,0.025390502,-0.000877966
2023-03-14,0.0337121493319728,0.0131003734455506,0.0127619696514681,0.000568838,-0.00306823,0.009497617,0.066148468,0.000760586
2023-03-15,0.0145414513085605,0.0061693890933038,0.0061850636395238,0.000624668,0.037095181,0.031856459,0.008318759,0.021088551
2023-03-18,0.0483121517562679,0.0204300922733784,0.0193521493062171,0.001758433,0.021380196,0.043302211,0.066555378,0.045494017
2023-03-19,0.0197155573929685,0.0083483155458808,0.0084030487344563,0.004016403,0.013334878,0.009442031,0.025939274,0.028304805
2023-03-25,0.0312519669180096,0.0108170186576335,0.0138496122350725,0.000338859,0.009537912,0.014937575,0.058160213,0.019110599
2023-03-26,-0.0231535758408206,-0.0057626671970467,-0.007674786398584,0.0,0.0,-0.002189631,-0.046539232,0.010195198
2023-03-27,6.52863931724485e-05,0.0004273234341638,0.000444171850642,0.0,-0.00144232,0.0,0.0,0.00515713
2023-03-28,0.010938751437455,0.0048861172033528,0.0045066634575252,0.00061991,0.020200716,0.019047096,0.011781161,0.007467766
2023-03-29,0.0212013446051981,0.0080658274044335,0.0085000192103965,0.001013571,0.010480445,0.013511693,0.03412388,0.01664011
2023-04-03,-0.0080326607560306,-0.0010543483815699,-0.0014816868860502,0.002753971,0.012566715,-0.005295374,-0.014976454,0.005392149
2023-04-04,-0.0210807281580325,-0.0028882445890953,-0.0050331077747771,0.000561104,0.006603506,-0.001628144,-0.048237216,0.01385349
2023-04-05,0.0214233822371431,0.0067217094216976,0.0081468994340723,0.000728965,0.010363275,0.007028174,0.039947327,0.008626246
2023-04-08,0.0113167563726651,0.0093939458001322,0.0063780265367521,0.001792115,0.014977024,0.041787855,-0.008768744,0.02992059
2023-04-09,-0.0009156948799202,0.0020828783056907,0.0015978053381275,0.000559378,0.00428424,0.012826196,-0.008032998,0.004646637
2023-04-10,-0.0138245680623923,-0.00543517671573,-0.0065731172178814,0.000670841,0.015010433,-0.017484818,-0.033126689,-0.010145921
2023-04-11,0.0021669181866694,0.0022076307657428,0.005262701108221,0.000837919,-0.002266752,0.00761124,0.031551092,-0.004752666
2023-04-15,0.0192084751046377,0.0087531199126227,0.0039984891800317,0.00211959,0.013165797,0.037225582,-0.014765316,0.033393493
2023-04-16,0.0059566675004492,0.0026443251655123,0.0013230559566437,0.000724093,0.031524709,-0.00223487,-0.003798063,0.009326735
2023-04-17,0.0075989456956237,0.003736183812811,0.0043225706085377,0.000612285,0.032621798,0.005396723,0.019106079,0.006231219
2023-04-18,0.0071257197869071,0.0030196096218367,0.0015401087606562,0.000500681,-0.02174368,0.019162991,-0.002548069,0.01566756
2023-04-19,0.0002617211976005,0.001660496053872,0.0024384298326055,0.001389468,0.003599901,-0.004681738,0.007971767,-0.000561213
2023-04-24,-0.0056917052250013,-0.0010655170521854,-0.0007206306509405,0.000444222,0.009452108,0.001740036,-0.006289572,0.001015605
2023-04-25,0.0121008356027601,0.0048682420543414,0.0028635757922884,0.000610484,0.012381712,0.016813908,-0.001708097,0.018033156
2023-04-26,0.0010837195388781,0.0042852409024621,0.0066860031377302,0.000942742,0.02144921,-0.002262866,0.033782394,-0.00149633
2023-04-29,0.0262135514604667,0.0192338284207824,0.0198988813265496,0.001716834,-0.00682372,0.034317749,0.07824385,0.030505463
2023-04-30,0.0131817526695971,0.0121197376066898,0.0134260442928321,0.000553189,-0.005335111,0.018605539,0.060604189,0.016587444
2023-05-01,0.0007942742023393,0.0067551729230436,0.0099633382716565,0.000663423,-0.001286334,-0.000741423,0.05447093,0.000524276
2023-05-02,0.0119084333003861,-0.0011848748493186,-0.0047494105046858,0.000662983,0.006497695,0.017463657,-0.04594177,0.015080147
2023-05-03,0.0025403003645034,-0.0021081377303317,-0.0033132122779725,0.000772926,0.008380282,-0.002886159,-0.026618603,-0.001453764
2023-05-06,0.0145006756164581,0.0051898067136803,0.0057385934278808,0.001764447,0.005832823,0.012541898,0.005544043,0.008143992
2023-05-07,-0.0480845335115687,-0.0224826136367395,-0.0220736536117552,0.000660866,-0.017187699,-0.053722174,-0.07568132,-0.038220242
2023-05-08,-0.0552250204097304,-0.0170920493840958,-0.0161110431174233,0.00060541,-0.002444128,-0.067570324,0.016994968,-0.05291258
2023-05-09,0.0329121170935832,0.0133671793448487,0.0129986250692562,0.00066003,0.01187447,0.035207844,0.019595406,-0.003709763
2023-05-10,-0.0143258596579128,-0.0071423236468468,-0.0072215600805909,0.000934297,-0.003613373,-0.023212961,-0.038222405,-0.012272428
2023-05-13,-0.0395464373869457,-0.0170040941350582,-0.0173372535337499,0.001646633,-0.029810582,-0.045993891,-0.051032291,-0.028360103
2023-05-14,0.0381767928734265,0.0136039403526044,0.0139313630941215,0.000548276,0.017143277,0.058123974,0.009577218,0.03194976
2023-05-15,-0.0072487471480177,-0.0043638875555474,-0.0041098486383733,0.00109565,0.004364732,-0.0132462,-0.029638338,0.006747417
2023-05-17,0.0045202699544313,-0.0006566167192243,-0.000618056210308,0.001039757,0.005872639,0.018581603,-0.033398474,0.008633939
2023-05-20,-0.0015468426031523,0.0008950789241719,0.0012171953571456,0.00174873,-0.009238037,-0.011947591,0.011959331,-0.010109925
2023-05-21,0.0085108821239288,0.0082471780969012,0.0082516037510505,0.000654986,-0.00158274,0.007203176,0.049236592,0.002051736
2023-05-22,0.0058946076775293,0.0048327711905149,0.004826446803598,0.000545494,0.011974702,0.007520936,0.021748287,0.006838492
2023-05-23,0.0007911698192258,-0.0017184931678106,-0.0014625911124078,0.000763192,0.013987958,0.007313886,-0.021125986,0.005287942
2023-05-24,0.0003670009090864,0.000198710202882,0.0002549708321886,0.00076261,0.008170905,0.006240013,-0.009262393,0.006486727
2023-05-27,-0.0098713889150158,-0.0065946412839057,-0.0063590277531641,0.001795284,-0.014363632,-0.020440458,-0.03432558,-0.014921594
2023-05-28,-0.0243616415451676,-0.0101100117470928,-0.0105030529426442,0.00054339,-0.003684904,-0.033133697,-0.02728454,-0.023734133
2023-05-29,0.0053335734574951,0.0050728017543359,0.0047925483534691,0.000597388,-0.001806463,0.007012988,0.026413397,0.008111363
2023-05-30,0.0051657776007948,0.0003791679812156,0.0007146252238808,0.000705544,0.004305491,0.009679969,-0.012329031,0.005711194
2023-05-31,-0.0101851859685732,-0.0053911914194576,-0.0052819740983958,0.000976086,0.004735089,-0.014878683,-0.026488522,-0.007625793
2023-06-03,0.0034365483535928,0.0029078309837839,0.0029138341771298,0.001570582,-0.002119854,0.005295979,0.001999352,0.003797421
2023-06-06,0.006577391772561,0.0029223192636168,0.0030100461872516,0.001946262,0.008452586,0.006123572,0.001119511,0.004318501
2023-06-07,-0.0058465937926811,-0.0044960395766444,-0.0041361252167861,0.000701887,0.001455722,-0.003239852,-0.033375949,-0.000484929
2023-06-10,-0.0271718347847952,-0.0083037761818354,-0.0091142572351485,0.001887251,-0.007340599,-0.041141272,-0.010931215,-0.032591202
2023-06-11,-0.0036045102129857,-0.0035085543292941,-0.0032719967872993,0.000592401,0.001017108,0.002778987,-0.027094884,-0.003095359
2023-06-12,-0.010082210379229,-0.0042814631726266,-0.0044918698347646,0.00059205,-0.002565096,-0.031721943,-0.015495364,-0.028850032
2023-06-13,0.0038950281251731,0.0087919554471185,0.0073226566130654,0.000699244,0.001751492,0.010372108,0.048715239,0.004549126
2023-06-14,0.0102920391159114,0.0031158529172574,0.0042246024110157,0.000645023,0.008832763,0.016111453,-0.006068628,0.012408418
2023-06-17,-0.0014374356011357,0.0003583034201982,-8.606512713534508e-05,0.001932575,0.003704304,0.000926874,0.002940579,0.000319319
2023-06-18,-0.0059552277926799,-0.0054546219265398,-0.0055891639751937,0.000643363,0.005890502,-0.00627118,-0.022562582,-0.00915247
2023-06-19,0.0086922244927935,-0.0014272590813589,-0.0002477558325094,0.000642949,-0.001559408,0.000250664,-0.023951412,0.000605203
2023-06-20,0.0015531339137119,0.0017383160494489,0.0011796573474361,0.000642536,0.002597664,0.004353083,0.012360012,0.001256519
2023-06-21,0.0026780388133877,0.0009806081306749,0.001582493984105,0.001444198,0.004857471,0.00670734,-0.007016958,0.003200304
2023-06-24,5.714079655126761e-05,0.0029348805591271,0.0023885163319238,0.001281983,-0.000675448,-0.005109976,0.016968873,-0.005201015
2023-06-25,0.0035894900523441,0.0023336043406084,0.0030224004825373,0.000693722,0.005944143,0.011395517,0.001524522,0.012400916
2023-06-26,5.699032093049353e-05,-0.0012344093736637,-0.0011006599809803,0.00058662,-0.000830056,0.001676666,-0.008529729,0.002976064
2023-06-27,-0.0016659295720659,-0.0013749967673464,-0.0011191832219923,0.000692835,0.007720525,-0.006553407,0.001679942,-0.012798342
2023-06-28,-0.0006156029260705,-0.0023285166280149,-0.002030094536472,0.000692355,-0.016896906,-0.007134043,-0.003203017,-0.006844466
2023-07-01,-0.0002880297492438,0.0025006299576999,0.0028332250046837,0.001914792,-0.000239473,-0.003285228,0.018054278,-0.004419361
2023-07-02,0.0033437586299112,0.0069010995984268,0.0068454715716265,0.00063745,0.002710677,0.01089874,0.019567223,0.006259628
2023-07-03,0.0048362606121396,0.0047780650334916,0.0044537789303021,0.000690113,0.003259015,0.020773747,0.00360049,0.011992636
2023-07-04,0.004447195557568,0.0015301435836469,0.0010651824819249,0.000636605,0.008416194,0.013329318,-0.014254289,0.008522231
2023-07-05,0.0015721058356943,-0.0007515804943024,-0.0006885211623308,0.001589741,0.006901176,-0.002446425,-0.00485847,0.000256314
2023-07-08,0.0012733978027828,0.0006943067891166,0.0007127785125754,0.001058425,-0.010843622,-0.002114578,-0.000284022,-0.003421722
2023-07-09,0.0012328805831356,-0.0012747893007143,-0.0012701956700725,0.000634518,0.007751824,-0.00745156,-0.008787628,-0.00858934
2023-07-10,-0.0015049915420531,-0.0038183492508641,-0.0036989721161274,0.000634115,0.002622773,-0.014519173,-0.011398557,-0.008224056
2023-07-11,-0.0007201412596905,-0.004565725994379,-0.0042506743945224,0.000686505,-0.015801105,-0.014219275,-0.015157779,-0.014068866
2023-07-12,-0.0042965904340211,-0.0047825498001316,-0.0038117367293166,0.000686034,-0.022167802,-0.023522529,-8.83e-05,-0.027133592
2023-07-15,0.0011595013798484,0.0014436927838302,0.0014326187611246,0.001897334,0.005790076,0.001449183,0.010641279,-0.000248172
2023-07-16,-0.0031585419768546,-0.0083780098348395,-0.0078496581923361,0.000736881,-0.007049701,-0.027450253,-0.022453664,-0.02423893
2023-07-17,-0.00143764318334,-0.0019935167533511,-0.0012616749945108,0.000578597,-0.005340521,-0.016109302,0.004353356,-0.032514031
2023-07-18,0.0077703981325078,0.008139075467073,0.0067674373995712,0.000683365,0.015413626,0.033692369,0.007768004,0.021801173
2023-07-19,0.0055746146769012,-0.0001018507693109,-0.0006178459031211,0.00073541,0.005819453,0.001830458,-0.008613419,0.008279778
2023-07-22,-0.0013701169743632,-0.0062712713847538,-0.0060498174595617,0.001940984,-0.024426531,-0.021591301,-0.006535241,-0.016628382
2023-07-23,0.0001844882567628,0.0003884721888707,-0.0006514547332108,0.0006287,0.006947026,0.013732018,-0.016747632,-0.003125547
2023-07-24,-0.0007119105567447,0.0046696887353298,0.0053340609214656,0.000680646,0.00702042,0.00400178,0.008905748,0.01082386
2023-07-25,0.0027062339662548,0.0016136282013485,0.0019395045906577,0.000680183,-0.003443181,-0.006267942,0.018523191,0.001718747
2023-07-26,0.0047727777623222,0.0041084992522557,0.0039711107544454,0.000679721,-0.001218076,-0.006690783,0.017344354,-0.000685535
2023-07-29,0.0051476225058294,4.710840645943818e-05,0.0001728699474717,0.001932065,0.004742131,0.001190214,-0.002035239,-0.001885983
2023-07-30,0.0034672245063435,-0.0034392473590579,-0.0032042482369542,0.000625815,-0.003077798,-0.016818166,-0.000509458,-0.014674932
2023-07-31,-0.0032613241495821,0.0027608226271227,0.002793214258608,0.000677524,0.003522485,0.004604398,0.010269871,0.003167617
2023-08-01,-0.0025392042904577,0.0104312372116372,0.0101194641528998,0.000781189,0.001009917,0.013703613,0.042130799,0.009955296
2023-08-05,0.008024029923439,0.002561927364165,0.0025326026697177,0.00254764,0.005556465,0.026373196,-0.019574683,0.01956445
2023-08-06,0.0061829908851326,-0.0032399928562776,-0.0030496386775757,0.000674816,-0.008872815,-0.00822657,-0.008560666,0.003419349
2023-08-07,-0.0021822619524429,0.0014867382821521,0.0014287644848106,0.000674361,0.004163893,0.00780654,-0.001863324,0.005407381
2023-08-08,-0.001354250949249,0.0007095205795009,8.711577949549183e-05,0.000622084,-0.005339387,-0.010518444,-0.010404313,-0.006458123
2023-08-09,0.0042568957134312,0.0007702492742213,0.0013959646221546,0.000673488,-0.000243378,0.000720692,0.007624216,-0.000433782
2023-08-12,-0.0129768232803184,-0.0111977251108686,-0.0106796972520051,0.001914371,-0.008433024,-0.035599182,-0.038983176,-0.023517402
2023-08-13,-0.0004633527607886,0.0041424717026934,0.0039264847836401,0.000671748,-0.002170664,0.002369532,0.019987145,-0.000865808
2023-08-14,0.0130296419967842,0.0011291266070227,0.0010988156843594,0.000774533,-0.004149639,0.010184469,-0.000975361,0.004573417
2023-08-15,-0.0094206605912995,-0.0032856015124825,-0.0030233976462566,0.000619195,-0.012553246,-0.014904217,-0.004861856,-0.009482582
2023-08-16,0.0079700648063068,0.0001000638360786,0.0001404419794487,0.001958259,-0.003299024,-0.001914147,-0.001318083,-0.002320727
2023-08-19,-0.0158493929586979,-0.0036873379531215,-0.0036527927730966,0.000617602,0.001379397,-0.015878081,-0.013188171,-0.008181902
2023-08-20,0.0083249013047144,-0.0002594934859562,-0.0002906218879667,0.000720054,-0.016297499,-0.001016157,0.002536059,-0.001782263
2023-08-21,-0.0017502502567172,0.0015329554856497,0.0015603343286018,0.000616776,0.004574922,0.002538459,-0.003189653,0.001233458
2023-08-22,-0.0036444626949845,-0.0010267170381816,-0.0008408877824844,0.000719092,-0.007721718,-0.021500143,0.008404654,-0.009342532
2023-08-23,0.0057574194935385,0.006287977432241,0.0066987821024228,0.000667266,0.000468394,0.019410614,0.005949906,0.004296449
2023-08-26,0.0079090209866842,0.005132888806645,0.0056652096452956,0.001947919,0.032583811,0.036265412,-0.007645859,0.023608683
2023-08-27,0.0026797485508247,0.0057918914386148,0.0061114515915094,0.000665523,0.010982817,0.027444443,0.004300638,0.028867725
2023-08-28,0.0006955857171885,0.0017987695511054,0.0018872048210253,0.000665081,0.001669619,0.001230838,-0.004108778,0.015812391
2023-08-29,-0.0034366642077369,-4.267846829648522e-05,-6.740443246572201e-06,0.000715746,-0.001832658,-0.00256662,-0.000915359,0.005206968
2023-08-30,0.0037372718126738,0.0037942585647609,0.0040253848254917,0.00112371,0.000326052,0.000660163,0.004671356,0.004588348
2023-09-02,0.0007140692490557,0.000427093701404,0.0003441021511986,0.00158127,0.001465918,0.001120484,0.000734819,0.000456306
2023-09-03,0.0023095604938309,0.0038735812719015,0.0037637276794501,0.00066237,0.001382507,0.00217381,0.017966299,0.002847421
2023-09-04,0.0083188023128213,0.0017031188381994,0.0018432881640654,0.000661931,0.00393374,0.015561854,-0.007095515,0.011533459
2023-09-05,-0.0013827213027395,0.0024940828383936,0.0027959512567449,0.002541814,0.001536844,0.013685362,-0.006560938,0.006918939
2023-09-09,0.0033276924571763,-0.0020624039806081,-0.0013559005932845,0.000761286,-0.003968259,-0.020622494,0.005630448,-0.00998316
2023-09-10,-0.0052152338585734,-0.0033154885229788,-0.0035735018634998,0.000608612,-0.00142106,-0.001855959,-0.005659704,-0.002811789
2023-09-11,0.000767116953324,0.0010109771203236,0.0009079468494912,0.000658912,-0.006522117,0.002947478,-0.000760957,-0.000476609
2023-09-12,0.0008517381015182,0.0021890018855687,0.0020033172346476,0.000658478,0.006318943,0.008051322,-0.00663898,0.002100104
2023-09-13,0.0011348105912068,0.0026010176967571,0.0026955542309419,0.000961612,-0.000121924,0.00424959,0.007882552,-0.000158822
2023-09-17,0.002155226553728,0.0013524840301544,0.001154790615784,0.002374758,0.003691763,0.006067206,-0.003397877,0.004242749
2023-09-18,0.0101755453323381,-0.0005600896957901,-0.0005306812711138,0.000706286,0.001173638,-0.004796617,-0.009567053,-0.001077093
2023-09-19,-0.0028407387419572,-0.0007427975170815,-0.000632780741541,0.000655391,-0.002632486,-0.005014254,2.96e-05,-0.002344267
2023-09-20,-0.004057388083828,0.0013149398897343,0.0015678384187373,0.001661757,-0.003941412,-0.005681035,-0.006776967,-0.003424384
2023-09-23,0.000871755092042,-0.0017285925336444,-0.0018983930018074,0.001056046,0.002602262,-0.000563618,-0.006132786,-0.001352216
2023-09-25,0.0028786932469608,-0.0022711790636201,-0.002431819631609,0.001305942,-0.001706971,-0.013004084,-0.006215921,-0.008204894
2023-09-26,-0.0038145299612741,5.778978788336548e-05,0.0003017732576338,0.000702494,0.002153553,-0.001420968,-0.002827231,-0.001576607
2023-09-27,0.0012265457604904,-0.0002643552110787,-0.000622566865252,0.001503684,0.005868205,0.000413003,-0.004552429,0.000119122
2023-09-30,-0.00295982421314,-0.001152619012478,-0.0010550891565726,0.001101267,-0.002383599,-0.005087044,-0.009750956,-0.006427787
2023-10-01,0.0007786689429812,-0.0010967480108253,-0.000805759743977,0.000700175,-0.019523574,-0.011196258,0.005666518,-0.0083679
2023-10-02,0.0017697048960994,0.0018296352040589,0.0018527856616766,0.000699685,0.004362506,0.004260518,0.001449751,0.000180521
2023-10-04,0.0123396929018434,0.0011337174573823,0.0008620086845574,0.001348012,0.003279901,0.004218434,-0.003712507,0.001069107
2023-10-07,0.0150997699958563,0.0031547851942425,0.0028117774932805,0.001943926,-0.008550223,-0.012263374,0.026299219,-0.008191403
2023-10-08,-0.0035258943253575,0.0037083228229905,0.0038102075148151,0.000647136,-0.016819014,-0.032533302,0.072160465,-0.025455707
2023-10-09,0.0084553037637532,0.0033642462719918,0.0032207215972338,0.000646718,8.4e-05,0.013740122,0.019695734,0.002160495
2023-10-10,-0.0022877857362285,-0.0053410799293049,-0.0039424035709086,0.000695998,0.001258601,0.007287655,-0.044909337,0.004215187
2023-10-11,-0.0038413658954554,0.0010512993215527,0.0007742370853512,0.001787488,0.012168338,0.006705925,-0.002207334,0.002799312
2023-10-14,-0.006634102434898,0.0012186600957985,0.0007684987363149,0.000892547,-0.01019971,-0.016539478,0.014900622,-0.00907696
2023-10-15,-0.0135605625453587,-0.0016762244300774,-0.0018058309814827,0.000644122,-0.0023041,0.002017413,-0.010618569,0.000239646
2023-10-16,-0.0061710197112073,-0.0003993594221193,0.0006696959226235,0.000643708,0.007354511,0.01645767,-0.018178542,0.00807107
2023-10-17,0.0020207937336262,0.0025980429197739,0.0027750656096121,0.000692761,0.013481306,0.002726256,0.008234883,0.006459974
2023-10-18,-0.0006079518143898,0.0024687755827489,0.0014111424232597,0.001927307,-0.002508792,-0.012212274,0.020997551,-0.003798722
2023-10-21,0.0016919277080494,-0.0002405517728869,5.812500753628612e-05,0.000740284,0.000699804,0.009291,-0.011110676,0.000705938
2023-10-22,0.0019160214307819,0.0025055895717642,0.0027416922539514,0.000641136,0.004844016,0.006294449,0.005549592,0.003568636
2023-10-23,-0.002565661274593,-0.0011027349725975,-0.0015096380417611,0.000689995,0.000982359,-0.011435472,0.000112937,-0.00508546
2023-10-24,-0.0031450292946835,-0.0005295365495928,-0.0001229341685621,0.000591046,-0.013302505,-0.01075001,0.000409289,-0.010718928
2023-10-25,0.0006431843279585,0.0008322190720609,0.0012293543083347,0.000935108,-0.005737823,0.002268014,0.006399774,0.000863677
2023-10-28,0.000555972972175,-0.0013877569950374,0.0007943334402863,0.001818495,-0.015633198,-0.033490021,0.041335575,-0.025731117
2023-10-29,0.0026624429619387,-0.0001497231980346,-0.0017405867700287,0.000638146,0.003467087,0.016390901,-0.024237339,0.00515995
2023-10-30,0.0019703207252613,0.0026404342735917,0.0018728540114431,0.000637739,0.018732777,0.016266738,-0.009193939,0.010197807
2023-10-31,0.0015250621957969,0.0010669674674812,0.0012081434314468,0.000686342,-0.003402634,-0.001922895,0.008201082,-0.000105738
2023-11-01,0.0112309542501807,6.816766147777474e-05,-0.0002123663750395,0.001371272,-0.009144687,-0.010997428,0.002590389,-0.005407728
2023-11-04,0.0116128159102908,0.0065558060900153,0.0047074415508438,0.001271643,0.017258657,0.030499547,-0.012016314,0.014453836
2023-11-05,-0.0036436894636248,0.0012242200779314,0.0015172346643207,0.000635215,0.004935438,-0.003505843,0.003031527,0.008728566
2023-11-06,0.0003868410757482,0.0029610282520533,0.0021407741524141,0.00078125,0.010245197,0.009659957,-0.00547176,0.006985342
2023-11-07,0.0038170567051661,0.0042510191449152,0.0033063762140211,0.000634317,0.007807009,0.015062993,-0.007230061,0.010688941
2023-11-08,0.0038051996655919,0.0010899083772632,0.0012814600242487,0.002241279,-0.002097452,-0.00215164,0.00244389,0.001581448
2023-11-11,0.0094136887756628,0.0002282094677746,0.0002150231182095,0.000389275,0.008963983,-0.00449285,-0.001417853,-0.000711313
2023-11-12,-0.01093766741718,-0.0010718812802673,-0.0008793900682513,0.000680868,-0.011025381,-0.003703426,-0.002545944,-0.000413864
2023-11-13,-0.0011001408352684,0.0013014856915643,0.0013057136006553,0.000631819,0.016293803,0.001665439,0.001126079,0.001132716
2023-11-14,0.0077780451261106,-0.0016925008260004,-0.0014153927019755,0.000728527,-0.016253343,-0.01031737,-0.005515796,-0.004823624
2023-11-15,-0.0035619150764668,0.0007694704097553,0.0010588881772244,0.000825022,0.005165467,-0.006503851,0.003516133,-0.003517109
2023-11-18,-0.0125601366562421,0.0002387090523178,0.0001668503372335,0.001696435,-0.002337297,-0.005008004,-0.003799091,-0.005066659
2023-11-19,-0.0009757146794518,0.0002334152518681,0.000216523776564,0.000726164,-0.000887992,0.001111429,-0.002096377,-0.001152998
2023-11-20,-0.0047138232885897,-0.0016551711265554,-0.001779007334961,0.000387072,0.001331692,-0.007542689,-0.008401137,-0.004071762
2023-11-21,-0.0037446068649838,0.0010730417819048,0.0013683217655162,0.000918696,-0.000282332,0.005367708,0.005945058,0.00106281
2023-11-22,0.0022971168971362,0.0020286220647572,0.0020208803914445,0.001304065,0.007234758,0.004573415,0.00191711,0.001077802
2023-11-25,0.0125180421339122,0.0017726499545919,0.0017559243641593,0.00139877,-0.001081883,-0.001704418,0.005616522,-0.001159829
2023-11-26,0.0145713426838528,0.000460103790231,0.0002924280027029,0.0006264,-0.000681786,0.001093119,-0.001553058,0.002205352
2023-11-27,0.0022113920521108,0.0008428682699428,0.0008819512576946,0.000674147,-0.000923157,0.001214082,0.000988589,0.000803304
2023-11-28,0.000821661594236,0.0016481460458192,0.0020782598075417,0.000673692,0.003087227,0.001716753,-0.000833175,0.002860951
2023-11-29,-0.0021689414221451,0.0051945426776079,0.0081105564434459,0.000817445,0.00327725,0.024317405,0.005199502,0.013912314
2023-12-02,0.0069850015707801,0.0072791283882751,0.0153961463893491,0.001824818,0.00964925,0.019563023,0.016959361,0.013187475
2023-12-03,-0.0030566712246249,0.0049904767604884,0.0093588639748795,0.000671463,0.002328841,0.010456306,0.00153261,0.015920524
2023-12-04,0.0023983792078106,0.0020522158551876,0.0039116104533965,0.000671012,0.001418328,0.005987536,0.002507856,0.020544217
2023-12-05,-0.0004270728532198,-0.001101611057306,-0.0030692867300639,0.000670562,-0.000827114,-0.000137771,-0.010236212,0.005193976
2023-12-06,-0.0004197936939044,0.0001897970337792,-0.0015084023659144,0.001100663,-0.004660356,-0.001463069,-0.003384334,-0.002521113
2023-12-09,-0.0031769747097935,-3.9511219393192e-05,-0.0015053740556494,0.001577099,0.001028725,-0.007579321,-0.00631173,-0.004643788
2023-12-10,-0.006789681728288,-0.0001599532782022,-0.0026990627745854,0.000716042,0.003237527,0.004308408,0.001935539,5.04e-05
2023-12-11,0.0066512274379316,0.0013251401742809,0.003362914591701,0.000715529,-0.002684036,-0.000500025,-0.004029574,0.00068757
2023-12-12,-0.013256523008355,-0.0001534906669684,-0.0032959209279852,0.000572055,0.000948129,-0.002326478,-0.000492524,-0.000598451
2023-12-13,0.0090660929490033,0.0003791921142767,0.000149649737688,0.000762231,0.003035861,-0.001543699,0.000970744,-0.001471563
2023-12-16,-1.0663472850983794e-05,0.00312542362258,0.0048292579235994,0.0017129,-0.000590679,0.011558248,0.002752347,0.006344123
2023-12-18,0.0003336147681798,0.0059645696470128,0.0110170505029011,0.001235272,0.006243517,0.019486071,-0.003033625,0.016363006
2023-12-19,-3.962050946484648e-05,-0.0006248240220297,-0.0023016488992274,0.000142433,0.001955341,0.001474115,-0.000703542,0.001902112
2023-12-20,-0.0022977666939475,0.0004298208496179,-0.0003604244699231,0.000806739,0.001366467,-0.000246782,0.000675409,-0.000741236
2023-12-23,0.0016559981036808,0.0013292257069777,0.0025345468288707,-0.000474473,-0.003987496,-0.00169921,0.00899002,-0.000848331
2023-12-24,-0.00259684880712,-0.0004649163395226,-0.0023752649516669,-0.001662432,-0.000901342,-0.008335639,-0.001227507,-0.003735328
2023-12-25,-0.0003518165753998,-9.428773263271432e-05,-0.0011105415825155,-0.012581189,-0.00278754,-0.00137588,-0.003341422,-0.002553084
2023-12-26,-0.0056230173775196,-0.0012534932022868,-0.0024214988970671,0.000625617,-0.009718787,-0.005918165,0.004847698,-0.007201811
2023-12-27,0.0026777723098546,0.0015247023113615,0.0011146621723989,0.006186922,0.0052267,0.00263715,0.002380307,-0.000616001
2023-12-30,0.0046782118674799,0.0031193241968692,0.0067725521596306,0.002006115,0.007867552,0.006800097,0.011116295,0.002434471
2023-12-31,0.0343468855640197,0.0079511603393244,0.0074149941926138,0.0,-0.004240789,-0.002921628,-0.001114344,-0.003035365
2024-01-01,0.0153523648221069,0.0036446451562049,0.0035642742714929,-0.00468721,-0.001417602,-0.003036351,0.001141843,-0.003579576
2024-01-02,-0.0233191646451033,-0.0055281507234125,-0.0064521118313333,-0.00765181,-0.011971918,-0.003821772,0.011890909,-0.004418863
2024-01-03,-0.0160576179250913,-0.0052023559121362,-0.0046142912837202,-0.003048119,0.003225103,-0.001447421,0.007134716,-0.001637274
2024-01-06,0.0125876703156345,0.0051579310627188,0.00333080409517,0.031621492,0.000317965,0.001919284,-0.004651423,-0.000703605
2024-01-07,0.0146048193166226,0.0060599900611082,0.0071118617145869,0.00140746,0.00455961,0.002576097,0.010730469,0.000490519
2024-01-08,0.000266517138895,0.0018188043051117,0.0050334383798602,0.000656137,0.00272582,0.000955798,0.001139067,-0.000380576
2024-01-09,-0.0069755472148203,-0.0018322108914659,-0.000811288023701,0.000655707,-0.002093084,0.000924586,0.004956557,0.001121307
2024-01-10,0.0075527385729175,0.0045266992812418,0.0146625004712574,0.000702066,0.004496694,0.010406831,0.04058528,0.006743989
2024-01-13,0.021542500277707,0.0093732304584505,0.0144723644317706,0.001963168,0.005494735,0.009765273,0.041350111,0.004393998
2024-01-14,0.0119822161932576,0.0052923504080852,0.005524305557425,0.000653534,-0.002037379,0.008596815,0.001901363,0.007659476
2024-01-15,-0.0073787419043962,-0.0028594921306201,-0.011246263064208,0.000699741,-0.00819128,-0.007261424,-0.041921482,-0.001043055
2024-01-16,-0.0040306801967728,-0.0011526501796929,0.0018039142241787,0.000699252,-0.001305767,-0.003966874,0.024665182,-0.003664612
2024-01-17,-0.0004095892946292,0.0012737999282144,0.0015968617972593,0.000698763,-0.00675383,0.002453296,-0.002709335,-0.00045411
2024-01-20,0.0011703063576294,0.0028749746389556,0.0089143595740538,0.001953943,0.000677439,-0.011951322,0.003818418,-0.008752601
2024-01-21,0.0067096217446424,0.0026890481499675,0.0071057323446577,0.000650467,-0.008039239,-0.008247143,0.027019539,-0.006349862
2024-01-22,0.0029825305273496,0.001850992966819,0.0031831948373998,0.000650044,-4.02e-05,-0.002457842,0.006958399,-0.00309249
2024-01-23,0.0076919657295074,0.0014105264935834,0.0037422122343349,0.000742391,-0.00656744,-0.016209846,0.03875017,-0.012429038
2024-01-24,0.0090769392229032,0.0097872257777271,0.0244518514867986,0.000880874,0.011734582,0.007674422,0.002047747,0.001622561
2024-01-27,0.0101880940073028,0.0085065306442579,0.0222612560857005,0.001759423,0.005935208,0.001056573,0.006772737,0.00157127
2024-01-28,-0.0068233468470009,0.002006622296284,0.0038840969666228,0.000601198,-0.005615643,0.000787874,-0.019204503,0.000562698
2024-01-29,0.0157745337794933,0.0043713055075583,0.0110417902131083,0.000693241,-0.003601012,-0.005628159,0.025783436,-0.003653093
2024-01-30,-0.0004038181915824,0.0028220989309792,0.0082007275429584,0.000692761,-0.004902168,-0.008191926,-0.005122119,-0.004693708
2024-01-31,-0.0187997140145737,-0.006001986673071,-0.0159302368010395,0.000784549,-8.06e-05,0.002903029,-0.024941669,-0.001454283
2024-02-03,-0.0066912751446262,0.0035610944700869,0.006579340455972,0.001797525,0.000926094,0.003757532,-0.04087537,0.001806771
2024-02-04,-0.0020696477173966,0.0018956643929462,0.0044987785965165,0.000690496,-0.003426801,-0.007040514,-0.015135451,-0.005181172
2024-02-05,-0.0172063517412968,-0.0081284916121794,-0.0206841616502163,0.00069002,-0.001616685,0.001906061,-0.010495373,-0.000810642
2024-02-06,0.0131972162941397,0.0036545242464997,0.0082596165029408,0.000689544,0.000161786,-0.005869263,0.02556961,-0.000583738
2024-02-07,0.0096297599419479,0.0032144093079892,0.0057379456408765,0.000780909,0.003068973,-0.001051717,0.024382603,0.000369511
2024-02-10,0.0060969187453239,0.0045040695275404,0.0089026130702545,0.000459074,0.011863867,0.001285282,-0.006797732,0.000991776
2024-02-12,0.0041314720905606,-3.238658457850266e-05,-0.0004744772717945,0.002704253,-0.002433431,-0.010226566,0.018143736,-0.003915127
2024-02-13,-0.0056912604346252,-0.0018854678112104,-0.0053311415518897,0.000686358,-0.000439446,-0.00217299,-0.00560345,-0.000760029
2024-02-14,0.0042650329798497,0.0025535841869127,0.0052128608307347,0.001964951,-0.002200133,-0.002264613,-0.001807373,-0.005643388
2024-02-17,0.0087527241072807,0.0022006688108639,0.0051643628814573,0.00073016,-0.003208859,-0.011001211,0.008709463,-0.008952775
2024-02-18,0.0058539946821039,0.0037490621108177,0.0075124445624668,0.000592863,-0.001527823,0.00726564,0.015128208,0.002184775
2024-02-19,0.0145507853872274,0.009501799494674,0.0220055994625718,0.000729195,0.005217124,0.003340514,-0.00475265,0.003022612
2024-02-20,-0.0054897093140448,0.0009942884487366,0.0018105958063408,0.00059208,-0.00072075,-0.000940864,-0.016351448,0.00031027
2024-02-21,-0.0109453187559187,-0.0079779891861534,-0.0225831941180035,0.001501399,0.02843232,-0.004852762,0.014142174,-0.00029052
2024-02-24,0.0017595553398143,-0.0001383239054884,-0.0011384688573669,0.001272149,-0.028312159,-0.005555592,0.00942255,-0.002274733
2024-02-26,0.0089765875421423,0.0052173955375795,0.0140191438822126,0.001225184,-0.012655846,-0.013024967,-0.004682706,-0.007933431
2024-02-27,0.0013542397723338,0.0016807396925203,0.0035764993789542,0.00068001,-0.003412973,0.00343561,-0.003394995,-0.001839738
2024-02-28,-0.0022500194388865,0.0006423885271501,-0.0017457759870943,0.000860683,0.003331847,0.005247793,-0.008461648,0.004296829
2024-03-02,0.0143930372180259,0.0061805388446411,0.0097202134109102,0.001809546,0.015017292,0.038797936,0.02237647,0.015316202
2024-03-03,0.0004236162220458,0.00324632343807,0.0032379604072342,0.000677736,0.007286079,0.029237043,-0.018741279,0.028604873
2024-03-04,0.0163905077052299,0.0056803922023517,0.0149900875906519,0.000677277,-0.006567057,-0.019546471,0.017288075,-0.003230043
2024-03-05,0.029222663540008,0.0143937818428656,0.0331606840030479,0.000631712,0.002273499,0.021591791,0.022279449,0.01487058
2024-03-06,0.0084629262516321,0.004852228808357,0.0102279195212758,0.000721468,0.000477973,-0.001453021,0.005885978,-0.0029854
2024-03-09,0.0251765896575301,0.0118492366760446,0.027725969774852,0.0,0.0,0.0,0.017177163,-0.000925002
2024-03-10,-0.0167614176965027,-0.0083101938808008,-0.0079455477952337,0.002610968,0.000199088,-0.015636767,-0.027860507,-0.001630722
2024-03-11,-0.0114952548151374,-0.0057955680636654,-0.0055246931975294,0.000719069,-0.006711166,0.006344602,0.005835272,0.000619651
2024-03-12,0.001134413752904,0.0031086548136826,0.0029723718154799,0.000583863,-0.003292118,-0.006489266,-0.002935997,0.000885587
2024-03-13,-0.0131926922102728,-0.0035697638514393,-0.003392721100502,0.000942444,-0.002012721,-0.010702085,-0.010058789,-0.006233221
2024-03-16,0.0106246717973785,0.0028868860091796,0.0028365397063917,0.0017479,0.00394113,-0.000954808,0.007409001,-0.000717129
2024-03-17,0.0135693551110786,0.0046604208024302,0.004671332233049,0.000716204,0.000802407,0.011504592,0.020448958,0.005529267
2024-03-18,0.0173540055054672,0.0091250999666768,0.0090908913722877,0.003840834,0.017097832,0.026505901,0.030513753,0.015927697
2024-03-24,0.018479467436707,0.0089482421071657,0.0090805353862747,0.000802032,0.020641011,0.036411082,0.042498551,0.018620172
2024-03-25,0.015607502408792,0.0040692149808012,0.0041832495440731,0.000712378,0.00335422,-0.006255401,-0.018711229,0.007686045
2024-03-26,0.0018877692756012,0.0003147998574572,0.0003581693724379,0.000622914,-0.001270966,-0.00781666,-0.016743452,-0.001854974
2024-03-27,0.00131069238765,0.001312044360305,0.0013373137086298,0.000933645,0.000963002,0.00541748,0.024311781,0.005302649
2024-03-30,0.0003653861615334,0.002386243377394,0.0023904707488176,0.002574118,0.000577356,-0.000772131,0.026860597,-9.45e-05
2024-04-02,-0.0009799775434476,-2.12204119086545e-05,-6.928423341751987e-05,0.00119604,-0.013013352,-0.014030574,0.058221337,-0.007059752
2024-04-03,-0.0047201541618954,0.0011890440800921,0.0012232953293496,0.000885034,0.008964841,0.008420166,0.019724955,0.00250978
2024-04-06,-0.0099207323702612,-0.0023064827715654,-0.0023789712654746,0.001723567,-0.005695593,-0.012609199,0.040760304,-0.008873333
2024-04-07,0.0074916245748624,0.0115672166258956,0.0116692339064919,0.000706246,-0.001672209,0.000823051,-0.054890129,0.001747849
2024-04-08,-0.004735042618673,0.0037504169725756,0.0044008675334836,0.000705747,0.048135705,0.010863756,-0.03012063,0.008876799
2024-04-09,0.0104437128348975,-0.0024423479703713,-0.0035191320965332,0.001982249,-0.043127444,-0.001628973,0.051801338,0.003120032
2024-04-13,0.0184693696343605,0.0035618726623272,0.00390926252727,0.00127537,0.005869196,-0.034368967,0.066679332,-0.024131182
2024-04-14,0.00592890520315,0.0036236665904849,0.0034532637820838,0.000659037,-0.012318575,-0.017599506,-0.006235898,-0.005076656
2024-04-15,-0.0016029673535414,0.0022121478512119,0.0017139707312058,0.000658602,0.012741986,0.019548553,-0.04648571,0.004595374
2024-04-16,-0.0004601203812383,-0.0005021879424153,-6.112105368041431e-05,0.000658169,-0.007726521,-0.014463375,0.026143499,-0.002234486
2024-04-17,0.0009105479226545,0.0030541257547353,0.0032992625816595,0.002147005,0.002246844,0.018941549,0.009006215,0.002826497
2024-04-20,-0.0045208207237052,0.0021402087444844,0.0014801066702403,0.000525095,0.017224939,0.05896965,-0.048790164,0.034550786
2024-04-21,-0.0038441162835234,-0.0015929685537679,-0.0015632656294608,0.000699698,-0.006142361,-0.004228276,0.004663489,0.011731634
2024-04-22,-0.0006453220800253,0.0017893844609006,0.0019438214380321,0.000655523,-0.000344478,-0.00708948,-0.014894788,0.00172148
2024-04-23,-0.0160642142363146,-0.0059353517214503,-0.0061572057197528,0.000698751,-0.002836881,-0.00690295,-0.028268643,-0.005811433
2024-04-24,-0.0047471072998683,-1.4804077551189634e-05,-0.000111059813911,0.000741888,-0.000960227,0.003170962,-0.011546842,0.000411355
2024-04-27,0.0048591137915529,0.0016677877529321,0.0017383472343148,0.001874088,0.00329932,-0.00162727,-0.019142705,0.00028321
2024-04-28,-0.0114371134361202,-0.0025583365656116,-0.0023359025370457,0.000652926,0.001454379,-0.011828564,-0.001510914,-0.00877815
2024-04-29,-0.0002756754876661,-0.0024215535250261,-0.0027510792663494,0.000739468,0.001986781,0.001530644,0.036621886,-0.001647822
2024-04-30,-0.0087476087568542,-0.0042725751717401,-0.0044573149491959,0.000652018,-0.005012734,-0.005123427,0.027648109,-0.005382727
2024-05-01,0.0007795414052274,0.0032125601860993,0.00318592860938,0.000955525,-0.001804604,0.003135312,-0.020836657,-0.001734911
2024-05-05,-0.004514654384068,-0.0006546051050471,-0.0004991129791113,0.002341515,0.005556954,-0.004090223,-0.00732322,-0.002275719
2024-05-06,-0.0061096888522562,-0.0029909517805743,-0.0030920776385986,0.000649449,-0.012808114,-0.014130877,0.016713588,-0.009178734
2024-05-07,-0.0063055874671144,-0.0011259013005669,-0.0011221983855182,0.000692281,0.000193532,-0.0003921,-0.016829496,-0.003433383
2024-05-08,-0.0119827168320103,-0.0035326952015341,-0.0033299167652662,0.000691802,-0.000503262,-0.008672798,-0.016940724,-0.005541573
2024-05-11,-0.0158727898166818,-0.0117849431177104,-0.0115298061814642,0.002029405,0.001393027,-0.007597306,-0.007504633,-0.004882223
2024-05-12,-0.0194887294081567,-0.0103668370433352,-0.009953167817653,0.000603709,-0.01045624,-0.007488749,-0.017373682,-0.006867344
2024-05-13,0.0017613626411104,0.0059084947877697,0.0056129033739349,0.000646426,-0.001016459,-0.016672274,-0.016881552,-0.014582191
2024-05-14,-0.0074983800292264,-0.0016717257625347,-0.0013949314681777,0.000646009,-0.004508309,0.002208857,0.000727031,0.001918606
2024-05-15,0.004329720714014,0.003203660560202,0.0031578477337453,0.000731639,-0.006504152,4.61e-05,0.006204291,-0.000406996
2024-05-18,0.010087243728618,0.0054082303688729,0.004935114645247,0.00197705,0.00858442,-0.003496238,-0.011428111,0.001838755
2024-05-19,0.0073295153675774,0.0009694154789468,0.0006485852317095,0.000643846,-0.015887778,-0.0265713,0.001973685,-0.026216357
2024-05-21,0.0064810706861224,0.0085718904648633,0.0084985380762772,0.001886227,0.000318649,0.001243008,-0.000945238,0.000749426
2024-05-25,-0.0031153901056969,-0.0017647322011656,-0.0023706235784277,0.002181866,-0.002073035,-0.013021069,-0.022369135,-0.007435728
2024-05-26,-0.0106002986280341,-0.0044863799605865,-0.0047800623211043,0.00064082,-0.005963954,-0.023422478,-0.007173632,-0.009296866
2024-05-27,0.0004837090060302,-0.000410221970489,-0.0005173285548238,0.000597729,-0.0064441,0.004772693,0.013868156,-0.01011868
2024-05-28,0.0175209571210222,0.0072452052624853,0.0076688525582863,0.000682681,0.00459567,0.027945127,0.041578931,0.005689685
2024-05-29,3.752723913704511e-05,0.0008620514784872,0.0008714455765406,0.000639591,0.001768134,0.008138968,-0.009621749,0.007798342
2024-06-01,-0.0039062351119385,-0.0006351479990576,-0.0010875029870154,0.002001406,0.012686678,-0.017338122,-0.025027162,0.003828564
2024-06-02,0.0015463295977275,0.0041484262660144,0.0043842441774086,0.000765436,-0.005206793,-0.003701879,0.014474208,-0.0030589
2024-06-05,0.0019825593948917,0.0018078772137303,0.00140081846264,0.001911031,0.005087856,0.000394127,-0.002363717,-0.002670342
2024-06-08,-0.0030076025094048,-0.0008250982306439,-0.0006296783082321,0.001992075,-0.004808944,-0.015479056,-0.013231021,-0.008551584
2024-06-09,0.0007664024818318,-0.0015817851507548,-0.0013246549988648,0.000677249,-0.004191874,0.009097661,0.000871632,-0.00120806
2024-06-10,0.0013695861767089,0.0019225373947296,0.0016581857565221,0.00067679,0.00526695,0.023270537,-0.010929412,0.007823058
2024-06-11,-0.0001948060927526,-0.0015850825748114,-0.0022270937098558,0.000634075,-0.00526695,-0.010180692,-0.001584645,0.00154167
2024-06-12,0.0001775192221528,-0.0015936394069905,-0.0017420299628211,0.001182532,0.000359993,-0.003168281,-0.0018607,-0.002682887
2024-06-15,0.0009886906483499,-0.0008247039586277,-0.0008031756897586,0.001476202,-0.002602865,-0.009096387,0.00334048,-0.006791261
2024-06-16,0.001379120083993,-0.0004383774778058,-0.0009772129092557,0.001894777,0.003961669,-0.004051508,0.002806608,-0.007963832
2024-06-18,-0.0002991215528217,-0.0020687306971864,-0.0026893613641791,0.000588755,0.000997944,-0.001194273,-0.001947033,-0.00438707
2024-06-19,0.0026929956060858,0.0005708238766335,-0.0003445943797133,0.00046235,0.00354462,0.014662652,0.001225189,0.003732924
2024-06-22,0.0011621827256785,0.0008159369247873,0.0010534257830973,0.001763373,0.007288604,-0.001996689,0.008451532,0.00179459
2024-06-23,0.0021951800672465,2.5086977319254503e-05,-0.0001558933212937,0.000629023,0.00189267,0.004109315,0.02323241,0.001706012
2024-06-24,0.0052121029431534,0.0040347775895707,0.0038692136014593,0.000754306,0.008980629,0.016687202,0.021177392,0.006787925
2024-06-26,0.001420315774186,0.0004756988839357,0.0003172994369929,0.001255913,-0.002188698,0.016320496,-0.014165633,0.009644265
2024-06-29,0.0007876722005176,-0.0008981065606681,-0.0003000191562523,0.002006186,0.001641972,0.004060026,0.011641132,0.00521058
2024-06-30,-0.0013716371917095,-0.0013238260271938,-0.0003036220103631,0.000626109,0.004093174,-0.02355379,0.026233428,-0.011075434
2024-07-01,0.0011525092082677,0.0020902058263194,0.0050797564655949,0.000792509,0.007209892,0.010465796,-0.009535616,0.001040107
2024-07-02,0.0027912174806291,0.0012985855212003,2.7579644073536056e-05,0.000583552,-0.001314061,0.020103897,0.002355829,0.007301138
2024-07-03,0.0002983506111027,0.0009031416425773,0.000199538678918,0.002289235,0.008433994,0.003177006,-0.018516402,0.004948313
2024-07-06,0.0115259797140053,0.0121650532627882,0.0114512280723975,0.001412547,0.01831567,0.0708501,-0.042661244,0.04110258
2024-07-07,-0.0022369197134501,-0.0022431648925791,-0.0024597874155249,-0.000332185,-0.005664026,-0.034396952,0.021248226,0.01704613
2024-07-08,-0.0011954914672723,0.0013083745794154,0.0011919663710918,0.001079197,0.002722737,0.001234368,-0.008644014,-0.002312995
2024-07-09,-0.0012350696228879,-0.0010320463953957,-0.0009440102736352,0.000165927,-0.001133573,-0.000440671,-0.015702153,-0.001929741
2024-07-10,-0.0001340552430415,-0.0015859840484284,-0.0014951794990404,0.000870665,0.001511145,-0.004609287,0.00174767,-0.003468499
2024-07-13,0.0002675559272,8.238811824844178e-05,-2.782483714703001e-05,0.001821796,0.012939702,0.003580299,-0.00675791,-0.004119883
2024-07-14,0.0029461871133215,0.0034490964689301,0.0036286919139692,0.004128143,-0.001939648,0.003208414,0.01260285,0.000398556
2024-07-17,0.0025810766749606,0.0016065517667338,0.0017642011608453,-0.000618136,0.001119487,0.006262283,0.010433519,0.00070171
2024-07-20,-0.0005245985683643,0.0007220860307013,0.0003575874064214,0.001153545,-0.003961141,-0.009242758,-0.016257671,-0.004671263
2024-07-21,-0.0015850169560857,-0.0031717115997565,-0.0030018450558696,0.000699718,-0.006385718,-0.008179401,0.005286685,-0.009266332
2024-07-22,0.0004317209819697,0.0013087404206206,0.0012610037409555,0.000699229,0.007583188,0.003130542,-0.001831626,-0.001465723
2024-07-23,0.0039763926645097,0.0022513632810714,0.0024513315542151,0.000616561,-0.000374056,0.011935989,0.012986661,0.00411855
2024-07-24,0.0017527647939395,0.0014567362714651,0.0015696662032588,0.000616181,0.004479458,-0.000628132,0.003714631,-0.001216003
2024-07-27,0.0006325241288801,5.162759512192548e-05,0.0001608242688393,0.002010216,-0.001267144,0.000635433,0.005688009,-0.006614527
2024-07-29,0.001406434890429,0.0016717254733943,0.0015679267564491,0.001351545,-0.000932749,-0.011248944,0.020163409,-0.013616228
2024-07-30,0.0017197794440627,0.0026116422879227,0.0024953201276288,0.000695538,-0.002990656,-0.007977031,0.006687665,-0.005324342
2024-07-31,-0.0045090046820583,-0.0026598610616621,-0.0022691695098976,0.001267091,-0.002136312,-0.048629031,0.021874943,-0.02485655
2024-08-03,-0.0035198175209353,-0.0013576520427067,-0.0012479768402788,0.001347076,-0.015197631,-0.042215511,0.022689989,-0.030287379
2024-08-04,0.0028658784439734,0.0034663673756684,0.0034148991366942,0.003664648,-0.001944673,0.012659678,-0.019155923,-0.000527182
2024-08-05,-0.0003990269423847,-0.0006108751882034,-0.0010655930593954,0.000650089,-0.000687259,0.003952066,0.005483353,-0.000546667
2024-08-06,-0.0003325850661571,-0.0016564299328849,-0.0013731843989651,-0.001829455,0.00236524,0.000256505,0.007495594,-0.000947462
2024-08-10,0.0005752782977909,0.0007865129726832,0.0008222369655186,0.002276146,-0.002556229,0.016407102,-0.026401318,0.00061316
2024-08-11,-0.0015713976896732,-0.001038822858036,-0.0008692086760153,0.000689949,-0.002026731,0.002110769,-0.020383059,-0.00023278
2024-08-12,-0.0006523177706452,-0.0010373659614011,-0.0011223184140179,0.001216397,0.000459242,-0.004344525,0.012371944,-0.002360204
2024-08-13,-0.0009797259859993,-0.0018270843355476,-0.0020610779792031,0.000688636,-0.002183282,-0.004331736,-0.007155489,-0.003793838
2024-08-14,0.0037613871821479,0.0033099313669117,0.0033718852983567,8.1e-05,0.004743515,0.019802005,-0.001128255,0.003526522
2024-08-17,0.0029363067756067,0.0001777287497221,0.0004720184248074,0.001901257,0.009344442,0.019646392,-0.002558129,0.007100732
2024-08-18,0.0022578206686905,0.0007229359298933,0.0002313623899289,0.00080795,0.005053563,0.019582102,-0.005964579,0.009003909
2024-08-19,0.0013510089614824,0.0024529613438201,0.0015999408074444,0.001130035,-0.00030099,-0.016862152,0.01969942,0.003679008
2024-08-20,0.000536493472096,-0.0019836230220638,-0.0020270779354127,0.000120999,0.006451393,-0.0029107,0.004367694,-0.002696756
2024-08-21,0.0020234695564223,-0.0002251719716392,0.0001814274845171,0.002859389,-0.002583062,0.010211026,-0.002851008,0.002286818
2024-08-24,0.0049290860639821,0.0071148534537018,0.0074111709800565,-0.000160875,0.00333053,0.019633184,0.005314675,0.007377172
2024-08-26,0.0018706634609511,0.0042107568058071,0.0046939986505131,0.001246106,0.003840637,-0.009054414,0.013908027,0.005333045
2024-08-27,-0.0004131754504607,0.0003665634060721,0.0015270689566966,0.001324796,-0.006271954,0.004072353,-0.009589372,0.002304172
2024-08-28,0.0046120532669122,0.0007179622178354,0.0006964231830644,0.000802053,0.013465963,0.014520264,0.002485675,0.003968854
2024-08-31,0.0054865717360789,0.0065506259612673,0.0064803848658152,0.001201875,0.008022713,0.019800757,0.003038241,0.010724945
2024-09-01,0.0004468751646956,0.0009769109159368,0.0010231967276343,0.00128041,0.005956858,-0.009364839,0.006221218,0.005639074
2024-09-03,0.0005580694719808,-0.0014451011149525,-0.001341537572539,0.001638133,-0.002115554,-0.007586256,0.003210644,-0.000573866
2024-09-07,-0.0015307047168221,0.0006322480957742,0.0004544267853036,0.001755016,-3.65e-05,-0.001522717,-0.007574887,-0.003640679
2024-09-08,-0.0052853835736551,-0.0023367427712163,-0.0023727024670561,0.000717074,-0.008802228,-0.007715004,-0.004479927,-0.006463992
2024-09-09,0.007409612331945,0.0037792640386119,0.0036025437253141,0.000636968,0.002171074,0.015036445,0.001746186,0.003750607
2024-09-10,-0.0008057283613858,-0.0007146417429758,-0.0005241932456468,0.006821904,0.004986627,-0.005125954,0.00296442,-0.00364985
2024-09-11,0.0018264305368158,0.0005991172677575,0.000876022793402,0.003511752,-0.000475589,-0.003324379,0.007182013,-0.001775556
2024-09-14,0.0040985937528112,0.0002495716421921,0.0003665197770233,0.003263929,-0.009818241,-0.004513618,0.013213462,-0.004384841
2024-09-15,-0.0012296426081899,0.0009353255682588,0.0010749838640117,0.013415168,0.012011384,-0.005970961,-0.006613343,-0.004793029
2024-09-16,0.0025014613773321,0.0012206146101457,0.0011055893532334,-0.007972818,0.000365057,0.008053874,0.0032649,0.000976116
2024-09-17,0.0043923590236254,0.0032248518084983,0.002967126046159,-0.008903242,-0.005416497,0.016856011,0.00616001,0.007989988
2024-09-18,0.004079898772771,0.0011705574585196,0.0011688167575694,-0.003670598,0.005489492,0.006959482,0.008238581,0.00614784
2024-09-22,0.0022994576713825,0.0025681427612712,0.0021940022971773,0.002211866,3.65e-05,-0.002940703,0.018006532,0.00090269
2024-09-23,0.0062828408982583,0.003954667307258,0.0037649412794948,0.001104101,0.023409123,0.01692844,0.014321441,0.008369005
2024-09-24,0.0094912844513258,0.0058097463833944,0.0051882751857071,0.000197033,0.014124379,0.026678308,0.02204457,0.016923344
2024-09-25,-0.0039402222086073,-0.0007017848991816,-0.0001437000868072,0.000945217,0.009132484,-0.005689355,-0.016039464,0.001096645
2024-09-28,0.0102104161561947,0.0095678764458193,0.0089582136317014,0.003693521,-0.009695052,-0.010047185,0.041674526,-0.003800722
2024-09-29,-0.0068422902449632,-0.0022689486388768,-0.0019854137153451,0.000313713,0.00732373,-0.009915738,-0.023943029,-0.00414319
2024-09-30,0.0006491920918317,0.0024903311941284,0.0021258193868541,0.000392003,-0.001152818,-0.007888509,0.002699555,-0.002934931
2024-10-01,0.0059783944922811,0.0112703785209772,0.0098487101043554,-0.000352796,-0.002660041,-0.009641218,0.012115012,-0.003811955
2024-10-02,0.0067961092290306,0.0104157677923261,0.0097440460358227,0.000313603,-0.006716509,-0.010033106,0.013340655,-0.00409427
2024-10-05,0.001747934863779,-0.0039013246786481,-0.0043786739880108,0.002427091,0.002396392,-0.009510733,0.004961476,-0.003848156
2024-10-06,0.0213599717922633,-0.0005156147462937,-0.0004128082021004,0.000273657,-0.008093204,-0.010024537,0.037936232,-0.002394363
2024-10-07,-0.0129162490467234,-0.009790468450872,-0.0091841314999377,0.001952515,0.008409944,0.005389892,-0.015796785,-0.003721951
2024-10-08,-0.0072805185279313,0.000466757874124,0.001220080170527,-0.00054632,-0.002254554,0.009357489,-0.016329773,0.001638048
2024-10-09,-0.0044283422170422,-0.0020398563760662,-0.0022715446478925,0.000780366,0.002993223,0.006806932,-0.007395352,0.001102862
2024-10-12,0.0029107765973057,0.0018842009012966,0.0019855554033844,0.001792534,-0.00394589,0.022455443,0.001134101,0.006726728
2024-10-13,0.0073021650844899,0.004146066470416,0.0042427308252658,0.000700553,0.000776315,0.013760085,0.009195701,0.000396918
2024-10-14,0.0083661016216604,0.0029309320985277,0.0024469352370122,0.000583419,0.001762115,-0.020986862,0.018970441,-0.011372702
2024-10-15,-0.0071290025801964,-0.0039943700047721,-0.0030834756936452,0.000777363,0.00066879,-0.021246972,-0.006675531,-0.010351924
2024-10-16,0.0115389048650839,0.0033896720401424,0.0013656924738446,0.000776759,0.002846152,0.007801548,0.016339354,-0.001693728
2024-10-19,0.0135740231137056,0.0052213865821305,0.004778417994709,0.002016755,-0.017628151,-0.014921675,0.025208048,-0.012018284
2024-10-20,0.0108446472008104,0.0019861070672634,0.0010371953311536,0.000464828,-0.012975759,-0.018684227,0.022438893,-0.009829484
2024-10-21,0.0023792240235023,-0.0011354663724279,-0.0010481092271811,0.000812929,0.005699871,0.005378325,0.001446403,-0.006877627
2024-10-22,0.0008484048736423,-0.0005876626969147,-0.0005652365008752,0.000812269,0.000719192,-0.001498541,0.001966876,-0.006764942
2024-10-23,0.01006521360491,-0.0015148238309513,-0.000880430622312,0.000579789,-0.014337163,-0.019802329,0.023549356,-0.01151782
2024-10-26,-0.0431391059417604,-0.00830875673032,-0.0090832434505713,0.00208446,0.024280732,0.029558359,-0.082047066,0.012265084
2024-10-27,0.0199209854214286,0.007496205216704,0.0077392262797787,0.001156159,0.012309589,0.029556507,0.021452907,0.015284344
2024-10-28,0.0249550475442309,0.0086746122157158,0.0086049279281959,-0.000115556,-0.011135776,0.024502937,0.030449902,0.012578852
2024-10-29,0.0145348873177586,0.0034669306197917,0.0035162742779152,0.002462297,0.00287535,-0.025529259,0.035590012,3.51e-05
2024-10-30,0.0073120931899405,0.0020517509322857,0.0019268816903379,-0.00088419,0.00357377,0.0134662,0.006891764,0.002217391
2024-11-02,-0.0074503663423036,-0.002388083921008,-0.0024196309682386,0.0017676,0.012984005,-0.000822164,-0.013579684,0.00246236
2024-11-03,0.0081498432427733,0.0016188394024416,0.0016605668728015,0.001994401,-0.003702544,-0.029903887,0.027526537,-0.013936376
2024-11-04,-0.017044089469034,-0.0055527865410149,-0.0056439522647948,-0.000651578,-0.009882094,-0.002824013,-0.027808715,-0.007304781
2024-11-05,-0.0041777056471889,0.0003116887377097,0.0003194331228655,0.000613262,0.00472464,0.0177186,-0.013175259,0.003474435
2024-11-06,0.0133238478762092,0.0040417386613285,0.0041284535564794,0.00068947,-0.002148002,-0.017696621,0.027322938,-0.00352072
2024-11-09,-0.0102971589269933,0.0015107197882647,0.0015902199853824,0.002027351,0.004501977,0.029232623,-0.027446604,0.017819433
2024-11-10,-0.0141303617141751,-0.0009118105128692,-0.0009426966729794,0.000611224,0.008421765,0.029556592,-0.033498625,0.017020306
2024-11-11,-0.0255461434369186,-0.0079433829581792,-0.0080193948411689,0.00068718,0.003231021,-0.002372251,-0.041310018,0.017491002
2024-11-12,0.0075540452865337,-0.0013726702828913,-0.0007974438612817,0.000686708,-0.010215021,-0.004594486,0.015375126,0.003438117
2024-11-13,0.01663282317136,0.0075220868024382,0.0075446270530984,0.000914878,0.005834995,0.007816058,0.023710374,0.006242589
2024-11-16,0.0005649367560464,0.0020858839067033,0.0020163001251371,0.001751181,0.022801057,0.027838561,-0.01283516,0.020966752
2024-11-17,-0.0015355253943446,-0.001368161271102,-0.0012255789398717,0.006747562,0.000408552,-0.011103688,0.000470516,0.00879214
2024-11-18,0.009470398871947,0.0037413794411001,0.0037708237089992,-0.003823083,0.007190372,0.021481076,0.004749526,0.019534371
2024-11-19,0.0128358578769754,0.0043279954770316,0.0043836661942543,-0.000910609,0.007642234,-0.006678867,0.026634896,0.006298985
2024-11-20,0.0101966098419067,0.0033600775402927,0.0034281509154751,0.000720967,-0.015002816,-0.01482936,0.023075437,-0.0053411
2024-11-23,0.0193027576389317,0.007118490369399,0.0072062398825033,0.000606727,0.014768023,0.023678239,0.024662827,0.010769603
2024-11-24,-0.0032319819355744,0.0013212373891163,0.0011455919933812,0.000757892,0.005453069,0.028788649,-0.021136,0.021302865
2024-11-25,0.0045212808588405,5.542433493260497e-05,0.0012213060863198,0.001589705,0.005755268,0.028771839,-0.020263781,0.024546475
2024-11-26,-0.0002636489907073,0.0001145036108549,0.0006102009725113,0.000945055,0.000729516,-0.01320384,0.00179473,0.010762281
2024-11-27,0.0008499432646708,0.0012253244673929,0.0015377777701407,0.001812005,-0.001559157,0.000830367,0.005938611,0.00461839
2024-11-30,0.0051494171298747,0.0037907170665152,0.0029127356136371,0.000904773,-0.007431014,-0.011643489,0.022483878,-0.004621579
2024-12-01,-0.0066588973203484,-0.0028425832466308,-0.0030826932912575,0.000640386,3.34e-05,-0.00764453,-0.014902177,-0.006447031
2024-12-02,0.0180195021902415,0.0054510462617695,0.0047679534382741,0.001730755,0.017965349,0.028847634,0.008752942,0.025087892
2024-12-03,0.0111567339887404,0.0040983891382073,0.0042118907054317,-0.000263183,-0.000295698,0.015468752,0.009221062,0.011698498
2024-12-04,-0.0001282457801999,0.002101683695705,0.0015114529293092,0.001390324,-0.001084973,0.000982048,0.003815273,0.004968914
2024-12-07,-0.0129467209575606,-0.0028251734203017,-0.0031462894200372,0.001200886,-0.007528515,-0.020116284,-0.005350007,-0.013279939
2024-12-08,0.0042411958560187,0.00210202492188,0.0012291067720542,0.002247781,-0.003885435,-0.004545462,0.011285188,-0.006514359
2024-12-09,0.0162718004251512,0.005825707286185,0.0055462807109594,0.000374139,0.0085809,0.029471565,0.005409189,0.021853285
2024-12-10,0.0072244322746405,0.003465514153056,0.0036403443347678,0.004478789,-0.000362946,0.009307342,0.012827181,0.004758821
2024-12-11,0.0120417533326343,0.0078012377068699,0.0076221314161694,0.004347591,0.004905117,0.014922584,0.028646416,0.009636157
2024-12-14,0.0222472050289884,0.0097193589512363,0.0093117062205077,0.001445007,0.01615723,0.029554319,0.023995058,0.022609645
2024-12-15,0.015156764154922,0.0038487642840724,0.0041356337579505,0.003880056,-0.001778813,0.027704034,0.001643397,0.019790173
2024-12-16,0.0089284977065348,0.0023396384995278,0.0029160546865006,0.00018439,0.000970654,0.004085963,0.015321447,0.012335856
2024-12-17,-0.0099120032995255,0.0006062251588639,0.0003949705363129,-0.002067108,-0.000905914,-0.02254669,0.010591774,-0.004613708
2024-12-18,-0.0093158886924116,-0.0033826279791602,-0.0032689795382457,-0.004406843,0.011105324,-0.011592348,-0.016943184,0.002428735
2024-12-21,0.0087360910603544,-0.0008557215564126,-0.0008780138106795,-3.71e-05,0.010920024,0.029446954,-0.031707325,0.021539793
2024-12-22,0.0008799455148721,-0.0013885100645394,-0.0013016117197538,-0.000408353,-0.000316686,0.000164312,-0.013803801,0.009009649
2024-12-23,0.0164818055892942,0.0079681650903991,0.0077818088235302,0.008614209,0.004235286,0.008962145,0.031721635,0.012798191
2024-12-24,0.015319679021687,0.0043834498943849,0.0042533660923685,-0.00568519,0.005723826,0.019345953,0.00381006,0.016977828
2024-12-25,-0.0044985467927397,-0.0021063215201699,-0.0020972123517587,-0.000740713,0.002443074,-0.01431084,-0.011826332,0.000605822
2024-12-28,-0.0006493763289652,0.0045814970299354,0.0046678470613658,0.001813774,6.26e-05,0.006320905,0.021847136,-0.007566498
2024-12-29,-0.0127023468917572,-0.0059075990534184,-0.0057415116052123,0.000628501,0.0,-0.017506383,-0.020262657,-0.017728796
2024-12-30,-0.0067817864350706,-0.0020468505752072,-0.0020289286298226,0.000591169,-0.008040244,-0.010135654,-0.008188804,-0.015561971
2024-12-31,0.0129574470950883,0.0038524162987145,0.0037667326541424,0.000959906,-0.001104293,0.013356359,0.010072825,0.008947684
2025-01-01,0.0063555184434831,0.0022336873529405,0.0022777796430447,0.001253872,0.016282415,0.01533991,-0.001412683,0.010378828
2025-01-04,0.0140028792507129,0.0019744157979963,0.0020568377146144,0.001325918,0.007272309,0.028882164,-0.014294761,0.021898091
2025-01-05,0.0019725775724847,-0.0005726099493341,-0.0004734718456135,0.00051516,0.000524036,0.000958566,-0.001585115,0.006446854
2025-01-06,-0.0022846981252722,-0.0004726645242941,-0.0003438437072876,0.000625195,0.000184888,0.005309296,-0.006351321,0.001353545
2025-01-07,0.0178012601019788,0.0065749784785939,0.0062834507797583,0.000771761,0.006143469,0.025745645,0.016772599,0.017225685
2025-01-08,0.0113647282564006,0.0050337048962101,0.0045186343639744,0.000550893,0.008355745,0.012522817,0.014678738,0.007661352
2025-01-11,0.0016880989565831,0.0046018155049212,0.0041272284121031,0.002053991,0.001031992,-0.012715903,0.026774422,-0.011489127
2025-01-12,-0.0140399387382992,-0.0034313937765178,-0.0031565175686711,0.000586081,-0.000728354,-0.027755527,-0.006753057,-0.018615978
2025-01-13,0.010346095257847,0.0043366019423646,0.0041227077944159,0.000695525,-0.00279695,0.016170248,0.008650938,0.003265118
2025-01-15,0.0012527081400237,0.0006096045715849,0.0013941734918496,0.001353056,-0.008745163,0.007899068,-0.009375239,-0.00015057
2025-01-18,-0.0171732585984194,-0.002568731464193,-0.0022884122503249,0.004048219,-0.000184287,-0.023366626,-0.003519636,-0.017804876
2025-01-19,0.0003586784485442,0.0021623140725361,0.0024521685728599,0.000254745,0.001442669,0.004835682,0.00660452,-0.005229835
2025-01-20,-0.006480165583513,-0.0001517674199832,-0.0002252436064718,0.012619262,-0.001043425,-0.016203485,0.004982558,-0.015124108
2025-01-21,0.0042058058466867,0.0035896843176407,0.0029863186028159,-0.001762178,0.000399085,0.002540375,0.018082071,0.000758961
2025-01-22,0.0244609406152088,0.0097480067875563,0.0096476945549444,0.016492717,0.003186961,0.029093407,0.027661883,0.01912823
2025-01-25,0.0076149155650012,0.004988774354991,0.0048498366628165,0.015423567,0.002902316,0.012013098,0.018075991,0.009189163
2025-01-26,-0.0026367677824117,0.0007892021335285,0.0011885222307597,0.012713871,-0.000885077,-0.006699093,0.006012462,-0.006797457
2025-01-27,-0.0059959640715472,-0.000662843843923,-0.0004296508181512,0.010819059,0.000274763,-0.005156379,-0.00461394,-0.004782842
2025-01-29,-0.0004493647800327,0.0009402696862052,0.0005165214354884,0.0,-0.001099505,0.007192732,-0.00479489,-0.002200306
2025-02-01,0.0033610641104165,0.0028159350213701,0.0017594195531772,0.025783374,-0.002386417,-0.022946092,0.021807383,-0.013411129
2025-02-02,0.0076470585563281,0.0041455877757311,0.0035459973367809,0.0,0.006107635,0.00544508,0.015572594,0.004590629
2025-02-03,0.0031816566512971,0.0015884896709061,0.0027919008983922,0.0,-0.003110233,0.001167121,0.004411253,0.001315562
2025-02-04,0.0055289405630746,0.0027128659788662,0.0024629200769349,0.0,0.005208742,0.018392132,0.002201405,0.008498114
2025-02-05,0.0130935795925043,0.0055647514058006,0.0048993380854652,0.0,0.000455615,-0.013051397,0.030896038,-6.55e-05
2025-02-09,0.0459276030343144,0.0210194918609051,0.0218429427888005,0.0,0.005873999,0.024438153,0.093607911,0.00626811
2025-02-11,-0.0146697320388555,-0.0047680079140519,-0.0049017885073006,0.0,-6.04e-05,-0.02296259,-0.022205927,-0.013315299
2025-02-15,-0.0009023814290183,0.0014136467039376,0.0010401881169568,0.0,-0.007089865,-0.030421532,0.015387276,-0.020967266
2025-02-16,-0.0059392850424202,-0.0027380758503722,-0.0037414166934897,0.0,-0.002862278,-0.029674656,-0.006313396,-0.017644258
2025-02-17,0.0117767473552157,0.0045114463604361,0.0040661098518627,0.0,-0.017627158,0.014958416,0.01468409,0.008236405
2025-02-18,0.0147255478381288,0.0053332000743646,0.0051362614252767,0.0,0.003129699,0.008388174,0.023743114,0.006751583
2025-02-19,0.0284999284174745,0.0103339143826576,0.0102756022641602,0.0,0.002564619,0.003996461,0.045808908,0.004728778
2025-02-22,0.0249731289359332,0.0083361744651873,0.0079952034388268,0.0,0.000771188,-0.009848148,0.046356525,-0.006649101
2025-02-23,-0.0220471844095932,-0.0056105355814201,-0.0052944591605072,0.0,-0.005255848,0.021177844,-0.043397305,0.007963647
2025-02-24,0.0099087830098342,0.0049192052358645,0.0040551001928072,0.0,0.017484198,0.022702257,0.004616915,0.020572202
2025-02-25,-0.0204088152702604,-0.0053335361979437,-0.0050335299530981,0.0,0.00788863,0.0066257,-0.038975873,0.017136541
2025-02-26,0.0063365003375683,0.0020683013109077,0.0018531832211069,0.0,0.012971207,-0.016185239,0.019804863,0.001059574
2025-03-01,-0.027197421430201,-0.0077408068602521,-0.0075101783413744,0.0,0.003305887,0.003318405,-0.046893465,0.003631449
2025-03-02,-0.0057985189710665,-0.0010156568731997,-0.0010547660163763,0.0,0.007435419,0.004525145,-0.011499951,0.005810335
2025-03-03,-0.0221631601735158,-0.0077708288220308,-0.0084267339453075,0.0,-0.008089772,-0.030456763,-0.025701202,-0.020231408
2025-03-04,0.0115918660384603,0.0042210837931667,0.0033347669236343,0.029655779,0.001011092,-0.003836353,0.018819666,-0.002884537
2025-03-05,-0.015355726659761,-0.0044174570933563,-0.0049558501283534,0.033392401,0.003471556,-0.008178773,-0.022247029,-0.005495183
2025-03-08,0.0204656620959081,0.0057650216941913,0.0050673294094596,0.045201994,-0.010600701,-0.021249678,0.041778186,-0.011898663
2025-03-09,0.0146264017724254,0.0041058231934756,0.0035556542062519,0.016334972,-0.004169735,-0.026900307,0.03063431,-0.012701423
2025-03-10,-0.0021458421480244,0.0009907054958213,0.0004597874148839,-0.014787536,0.003031533,0.015061638,-0.007009798,0.000953966
2025-03-11,-0.0068860267894666,-0.0018203140409372,-0.0010793544304099,0.012675789,-0.005861241,-0.009195506,-0.010933295,-0.013400183
2025-03-12,-0.0020304266635619,0.0002499813650261,0.0003311812301163,0.004715954,-0.002233289,0.004165862,-0.004617001,0.00228754
2025-03-15,0.0048036781800027,0.0045547515197422,0.0045280605102729,-0.018135403,0.009142921,0.029151005,0.001576493,0.015747045
2025-03-16,0.0171850778447379,0.0057342261172957,0.0055463333286659,-0.019016149,0.000389123,-0.00523838,0.029567344,0.005912031
2025-03-17,0.0341945424459637,0.0104712661555226,0.0120315062750515,0.011039171,-0.002757052,-0.005770537,0.058614249,-0.003482046
2025-03-18,0.0402186193449046,0.0131656123931304,0.012649959747296,0.022159517,0.000869891,-0.028589464,0.070725656,-0.012468146
2025-03-25,-0.0045617341429984,0.0031530010129411,0.0030777286004248,0.001084933,0.001797376,0.029301398,-0.015973956,0.011237947
2025-03-26,0.0223303063637212,0.0080523983012582,0.0088855994633537,0.014113636,0.003793824,0.01590525,0.0348198,0.00928809
2025-03-29,0.0374196627291991,0.0129233195663388,0.012890393346906,0.023841584,0.008816384,-0.001738848,0.062043515,0.004239002
