config,population,generations,init_mut,high_mut,base_seed,window_index,best_fitness,generations_run,runtime_s
"pop=50,gen=50,mut=0.05",50,50,0.05,0.1,0,0,0.9,18,1.405944790999996
"pop=50,gen=50,mut=0.05",50,50,0.05,0.1,0,1,0.9,18,1.377334624999996
"pop=50,gen=50,mut=0.05",50,50,0.05,0.1,0,2,0.8054257781222391,50,1.6585551669999958
"pop=50,gen=50,mut=0.05",50,50,0.05,0.1,0,3,0.82616129794159,50,1.7979298749999941
"pop=50,gen=50,mut=0.05",50,50,0.05,0.1,0,4,0.8171944358915156,30,1.5501491669999936
"pop=50,gen=50,mut=0.05",50,50,0.05,0.1,0,5,0.8,18,1.362713333000002
"pop=50,gen=50,mut=0.05",50,50,0.05,0.1,0,6,0.8177965158656453,22,1.415447333000003
"pop=50,gen=50,mut=0.05",50,50,0.05,0.1,0,7,0.8161350104411029,30,1.5141958329999952
"pop=50,gen=50,mut=0.05",50,50,0.05,0.1,0,8,0.8111623531152898,18,1.3746703329999974
"pop=50,gen=50,mut=0.05",50,50,0.05,0.1,0,9,0.9,18,1.380844291999999
"pop=50,gen=50,mut=0.05",50,50,0.05,0.1,0,10,0.9,18,1.3651338330000016
"pop=50,gen=50,mut=0.05",50,50,0.05,0.1,0,11,0.8474257894731141,50,1.8756151669999994
"pop=50,gen=50,mut=0.05",50,50,0.05,0.1,0,12,0.8690301471066139,46,1.8282531249999963
"pop=50,gen=50,mut=0.05",50,50,0.05,0.1,0,13,0.8125127864665282,47,1.678222208000001
"pop=50,gen=50,mut=0.05",50,50,0.05,0.1,0,14,0.8308866884738753,19,1.390488750000003
"pop=50,gen=50,mut=0.05",50,50,0.05,0.1,0,15,0.822723792187805,24,1.4223912909999967
"pop=50,gen=50,mut=0.05",50,50,0.05,0.1,0,16,0.9,18,1.339126125000007
"pop=50,gen=50,mut=0.05",50,50,0.05,0.1,0,17,0.9,18,1.4038965000000019
"pop=50,gen=50,mut=0.05",50,50,0.05,0.1,0,18,0.844066656746737,50,1.883780958999992
"pop=50,gen=50,mut=0.05",50,50,0.05,0.1,0,19,0.8575312032714261,31,1.580629541999997
"pop=50,gen=50,mut=0.05",50,50,0.05,0.1,0,20,0.8,18,1.3967125839999994
"pop=50,gen=50,mut=0.05",50,50,0.05,0.1,0,21,0.8006492549225774,32,1.6342412089999954
"pop=50,gen=50,mut=0.05",50,50,0.05,0.1,0,22,0.8015938457860468,47,1.6846825420000044
"pop=50,gen=50,mut=0.05",50,50,0.05,0.1,0,23,0.8444466017246106,47,1.6284530419999896
"pop=50,gen=50,mut=0.05",50,50,0.05,0.1,0,24,0.8458387195787284,22,1.4017490829999986
"pop=50,gen=50,mut=0.05",50,50,0.05,0.1,0,25,0.8485794449531175,24,1.3957882090000027
"pop=50,gen=50,mut=0.05",50,50,0.05,0.1,0,26,0.9,18,1.3804673329999986
"pop=50,gen=50,mut=0.05",50,50,0.05,0.1,0,27,0.8379001570014372,44,1.9246232499999962
"pop=50,gen=50,mut=0.05",50,50,0.05,0.1,0,28,0.8298492659841187,50,1.839652958000002
"pop=50,gen=50,mut=0.05",50,50,0.05,0.1,0,29,0.8554048726898129,37,1.6958752910000072
"pop=50,gen=50,mut=0.05",50,50,0.05,0.1,0,30,0.8134450259357959,45,1.6571529170000048
"pop=50,gen=50,mut=0.05",50,50,0.05,0.1,0,31,0.8061121222415095,23,1.4166768749999932
"pop=50,gen=50,mut=0.05",50,50,0.05,0.1,0,32,0.8,18,1.3857794999999982
"pop=50,gen=50,mut=0.05",50,50,0.05,0.1,0,33,0.8170995715446823,24,1.465007583000002
"pop=50,gen=50,mut=0.05",50,50,0.05,0.1,0,34,0.8174996734241995,33,1.5785684579999923
"pop=50,gen=50,mut=0.05",50,50,0.05,0.1,0,35,0.8431945519369732,25,1.531597542
"pop=50,gen=50,mut=0.05",50,50,0.05,0.1,1,0,0.9,18,1.3616775419999954
"pop=50,gen=50,mut=0.05",50,50,0.05,0.1,1,1,0.9,23,1.4808465830000017
"pop=50,gen=50,mut=0.05",50,50,0.05,0.1,1,2,0.8111540955188055,35,1.5496837080000034
"pop=50,gen=50,mut=0.05",50,50,0.05,0.1,1,3,0.8265698496226462,50,1.7878066250000018
"pop=50,gen=50,mut=0.05",50,50,0.05,0.1,1,4,0.8177841347643751,42,1.634729207999996
"pop=50,gen=50,mut=0.05",50,50,0.05,0.1,1,5,0.800458856443913,18,1.3889445840000008
"pop=50,gen=50,mut=0.05",50,50,0.05,0.1,1,6,0.8191866699578703,22,1.4848694999999879
"pop=50,gen=50,mut=0.05",50,50,0.05,0.1,1,7,0.8156937147589101,41,1.7230142500000056
"pop=50,gen=50,mut=0.05",50,50,0.05,0.1,1,8,0.8103934630925724,21,1.4151902090000021
"pop=50,gen=50,mut=0.05",50,50,0.05,0.1,1,9,0.9,18,1.3869733749999966
"pop=50,gen=50,mut=0.05",50,50,0.05,0.1,1,10,0.9,18,1.3799900829999956
"pop=50,gen=50,mut=0.05",50,50,0.05,0.1,1,11,0.8477183982390635,47,1.9177339170000067
"pop=50,gen=50,mut=0.05",50,50,0.05,0.1,1,12,0.8691799894392824,25,1.5490734999999916
"pop=50,gen=50,mut=0.05",50,50,0.05,0.1,1,13,0.8138427209442209,44,1.5431645000000032
"pop=50,gen=50,mut=0.05",50,50,0.05,0.1,1,14,0.830325702447589,37,1.6292027909999973
"pop=50,gen=50,mut=0.05",50,50,0.05,0.1,1,15,0.8272054853094294,44,1.706317042000009
"pop=50,gen=50,mut=0.05",50,50,0.05,0.1,1,16,0.9,18,1.351476040999998
"pop=50,gen=50,mut=0.05",50,50,0.05,0.1,1,17,0.9,18,1.403019209000007
"pop=50,gen=50,mut=0.05",50,50,0.05,0.1,1,18,0.841698499683693,35,1.6434390419999971
"pop=50,gen=50,mut=0.05",50,50,0.05,0.1,1,19,0.8584382833659913,28,1.584583749999993
"pop=50,gen=50,mut=0.05",50,50,0.05,0.1,1,20,0.8009785903372469,41,1.7992109169999964
"pop=50,gen=50,mut=0.05",50,50,0.05,0.1,1,21,0.8008454755032866,27,1.5645193750000033
"pop=50,gen=50,mut=0.05",50,50,0.05,0.1,1,22,0.8,18,1.3788089170000148
"pop=50,gen=50,mut=0.05",50,50,0.05,0.1,1,23,0.8415756610463528,50,1.76400370799999
"pop=50,gen=50,mut=0.05",50,50,0.05,0.1,1,24,0.8386362044166409,42,1.535040500000008
"pop=50,gen=50,mut=0.05",50,50,0.05,0.1,1,25,0.851668246671124,26,1.3978805829999885
"pop=50,gen=50,mut=0.05",50,50,0.05,0.1,1,26,0.9,18,1.3907094170000107
"pop=50,gen=50,mut=0.05",50,50,0.05,0.1,1,27,0.8421211001441137,50,1.8596317090000127
"pop=50,gen=50,mut=0.05",50,50,0.05,0.1,1,28,0.8277986462241227,24,1.5134595830000137
"pop=50,gen=50,mut=0.05",50,50,0.05,0.1,1,29,0.855127008440279,27,1.5419248340000138
"pop=50,gen=50,mut=0.05",50,50,0.05,0.1,1,30,0.816914745207934,44,1.694560832999997
"pop=50,gen=50,mut=0.05",50,50,0.05,0.1,1,31,0.8039687979024829,18,1.3797740420000082
"pop=50,gen=50,mut=0.05",50,50,0.05,0.1,1,32,0.8,18,1.3891874999999914
"pop=50,gen=50,mut=0.05",50,50,0.05,0.1,1,33,0.8216890373307867,36,1.5584748329999911
"pop=50,gen=50,mut=0.05",50,50,0.05,0.1,1,34,0.8175124756890504,35,1.564616166999997
"pop=50,gen=50,mut=0.05",50,50,0.05,0.1,1,35,0.8412945865929614,18,1.4054348749999974
"pop=50,gen=50,mut=0.05",50,50,0.05,0.1,2,0,0.9,18,1.3729153750000194
"pop=50,gen=50,mut=0.05",50,50,0.05,0.1,2,1,0.9,18,1.417942499999981
"pop=50,gen=50,mut=0.05",50,50,0.05,0.1,2,2,0.8051082934987105,50,1.5958216669999956
"pop=50,gen=50,mut=0.05",50,50,0.05,0.1,2,3,0.8268323018130767,50,1.7173935000000142
"pop=50,gen=50,mut=0.05",50,50,0.05,0.1,2,4,0.8181028058127182,30,1.5381926670000041
"pop=50,gen=50,mut=0.05",50,50,0.05,0.1,2,5,0.8010579470892208,39,1.5923100839999904
"pop=50,gen=50,mut=0.05",50,50,0.05,0.1,2,6,0.8184937279642609,27,1.5384830000000136
"pop=50,gen=50,mut=0.05",50,50,0.05,0.1,2,7,0.8161933706706935,30,1.6715797080000243
"pop=50,gen=50,mut=0.05",50,50,0.05,0.1,2,8,0.8114609128373111,18,1.3726975829999901
"pop=50,gen=50,mut=0.05",50,50,0.05,0.1,2,9,0.9,18,1.4016999579999947
"pop=50,gen=50,mut=0.05",50,50,0.05,0.1,2,10,0.9,18,1.3588227909999944
"pop=50,gen=50,mut=0.05",50,50,0.05,0.1,2,11,0.8473393825262325,27,1.575631125000001
"pop=50,gen=50,mut=0.05",50,50,0.05,0.1,2,12,0.8694061345488534,50,1.9451245829999948
"pop=50,gen=50,mut=0.05",50,50,0.05,0.1,2,13,0.8166104003756389,32,1.4115702499999827
"pop=50,gen=50,mut=0.05",50,50,0.05,0.1,2,14,0.8306092742657372,42,1.696920499999976
"pop=50,gen=50,mut=0.05",50,50,0.05,0.1,2,15,0.8268523037449583,50,1.8357202500000085
"pop=50,gen=50,mut=0.05",50,50,0.05,0.1,2,16,0.9,18,1.4995935420000137
"pop=50,gen=50,mut=0.05",50,50,0.05,0.1,2,17,0.9,18,1.4266223749999938
"pop=50,gen=50,mut=0.05",50,50,0.05,0.1,2,18,0.8420678433765824,26,1.5105192080000052
"pop=50,gen=50,mut=0.05",50,50,0.05,0.1,2,19,0.8567868205235419,48,1.7817073749999963
"pop=50,gen=50,mut=0.05",50,50,0.05,0.1,2,20,0.8007249277675242,33,1.6531279170000062
"pop=50,gen=50,mut=0.05",50,50,0.05,0.1,2,21,0.8,18,1.3657645000000116
"pop=50,gen=50,mut=0.05",50,50,0.05,0.1,2,22,0.801220519570264,31,1.573731458000026
"pop=50,gen=50,mut=0.05",50,50,0.05,0.1,2,23,0.8416168621957946,50,1.655040917000008
"pop=50,gen=50,mut=0.05",50,50,0.05,0.1,2,24,0.8456923746546485,40,1.511350708000009
"pop=50,gen=50,mut=0.05",50,50,0.05,0.1,2,25,0.8479591349834583,50,1.7282869169999913
"pop=50,gen=50,mut=0.05",50,50,0.05,0.1,2,26,0.9,18,1.4096033750000174
"pop=50,gen=50,mut=0.05",50,50,0.05,0.1,2,27,0.8415652841309551,50,1.819029999999998
"pop=50,gen=50,mut=0.05",50,50,0.05,0.1,2,28,0.8264356661393372,40,1.6362270000000194
"pop=50,gen=50,mut=0.05",50,50,0.05,0.1,2,29,0.8552867519527881,44,1.7807823750000011
"pop=50,gen=50,mut=0.05",50,50,0.05,0.1,2,30,0.8180461289959906,42,1.6087259159999974
"pop=50,gen=50,mut=0.05",50,50,0.05,0.1,2,31,0.8048487515344496,28,1.562721124999996
"pop=50,gen=50,mut=0.05",50,50,0.05,0.1,2,32,0.8,18,1.4364523330000054
"pop=50,gen=50,mut=0.05",50,50,0.05,0.1,2,33,0.8220033387968428,34,1.6492273339999883
"pop=50,gen=50,mut=0.05",50,50,0.05,0.1,2,34,0.8170180365517147,20,1.379464999999982
"pop=50,gen=50,mut=0.05",50,50,0.05,0.1,2,35,0.8421665899267207,26,1.4970378749999895
"pop=100,gen=30,mut=0.05",100,30,0.05,0.1,0,0,0.9,18,1.7831111670000155
"pop=100,gen=30,mut=0.05",100,30,0.05,0.1,0,1,0.9,18,1.7031832920000056
"pop=100,gen=30,mut=0.05",100,30,0.05,0.1,0,2,0.8110031760647876,30,2.022379208000018
"pop=100,gen=30,mut=0.05",100,30,0.05,0.1,0,3,0.8255929953669142,30,2.3509249580000073
"pop=100,gen=30,mut=0.05",100,30,0.05,0.1,0,4,0.8187082726245051,30,2.0739817500000015
"pop=100,gen=30,mut=0.05",100,30,0.05,0.1,0,5,0.8006074555464536,27,2.096273583999988
"pop=100,gen=30,mut=0.05",100,30,0.05,0.1,0,6,0.8210375131235468,22,1.9980845839999972
"pop=100,gen=30,mut=0.05",100,30,0.05,0.1,0,7,0.8159300281242848,23,1.952711542000003
"pop=100,gen=30,mut=0.05",100,30,0.05,0.1,0,8,0.8120113157199844,30,2.1904861250000067
"pop=100,gen=30,mut=0.05",100,30,0.05,0.1,0,9,0.9,18,1.706212834000013
"pop=100,gen=30,mut=0.05",100,30,0.05,0.1,0,10,0.9,18,1.704331790999987
"pop=100,gen=30,mut=0.05",100,30,0.05,0.1,0,11,0.8460908120083788,30,2.2623096669999825
"pop=100,gen=30,mut=0.05",100,30,0.05,0.1,0,12,0.8691932381440131,18,1.8172127079999996
"pop=100,gen=30,mut=0.05",100,30,0.05,0.1,0,13,0.8136673745039434,30,1.9336082500000202
"pop=100,gen=30,mut=0.05",100,30,0.05,0.1,0,14,0.8322381074606546,29,2.074402582999994
"pop=100,gen=30,mut=0.05",100,30,0.05,0.1,0,15,0.8283103931166501,21,1.8047939579999763
"pop=100,gen=30,mut=0.05",100,30,0.05,0.1,0,16,0.9,18,1.6470416669999963
"pop=100,gen=30,mut=0.05",100,30,0.05,0.1,0,17,0.9,18,1.7278877499999794
"pop=100,gen=30,mut=0.05",100,30,0.05,0.1,0,18,0.8445474554890371,30,2.1261487499999987
"pop=100,gen=30,mut=0.05",100,30,0.05,0.1,0,19,0.8582554789680134,27,1.9293647499999906
"pop=100,gen=30,mut=0.05",100,30,0.05,0.1,0,20,0.8008387325861372,30,2.1435920000000124
"pop=100,gen=30,mut=0.05",100,30,0.05,0.1,0,21,0.8006701478779089,30,2.1430679580000174
"pop=100,gen=30,mut=0.05",100,30,0.05,0.1,0,22,0.8018804575410878,30,2.0835697080000273
"pop=100,gen=30,mut=0.05",100,30,0.05,0.1,0,23,0.8430065440955913,30,1.9101860000000102
"pop=100,gen=30,mut=0.05",100,30,0.05,0.1,0,24,0.8488723085539438,30,1.9762507499999629
"pop=100,gen=30,mut=0.05",100,30,0.05,0.1,0,25,0.8548263612692405,30,2.0539575420000347
"pop=100,gen=30,mut=0.05",100,30,0.05,0.1,0,26,0.9,18,1.9129588750000153
"pop=100,gen=30,mut=0.05",100,30,0.05,0.1,0,27,0.8439203590667401,30,2.331901916999982
"pop=100,gen=30,mut=0.05",100,30,0.05,0.1,0,28,0.828873642657682,30,2.0430103749999944
"pop=100,gen=30,mut=0.05",100,30,0.05,0.1,0,29,0.8565978391044404,26,2.0754852499999856
"pop=100,gen=30,mut=0.05",100,30,0.05,0.1,0,30,0.817565430801229,30,2.099890541000036
"pop=100,gen=30,mut=0.05",100,30,0.05,0.1,0,31,0.8065287702778612,21,1.803674624999985
"pop=100,gen=30,mut=0.05",100,30,0.05,0.1,0,32,0.8018458935886201,30,2.19975791600001
"pop=100,gen=30,mut=0.05",100,30,0.05,0.1,0,33,0.8218452086803514,30,1.9537640409999995
"pop=100,gen=30,mut=0.05",100,30,0.05,0.1,0,34,0.8177709687283122,27,2.036724292000031
"pop=100,gen=30,mut=0.05",100,30,0.05,0.1,0,35,0.8445399702970366,28,2.2652387500000373
"pop=100,gen=30,mut=0.05",100,30,0.05,0.1,1,0,0.9,18,1.7583682080000358
"pop=100,gen=30,mut=0.05",100,30,0.05,0.1,1,1,0.9,18,1.7486556250000262
"pop=100,gen=30,mut=0.05",100,30,0.05,0.1,1,2,0.81106187632365,30,2.1831536249999886
"pop=100,gen=30,mut=0.05",100,30,0.05,0.1,1,3,0.8268048126648753,30,2.124648165999986
"pop=100,gen=30,mut=0.05",100,30,0.05,0.1,1,4,0.8178676964926219,30,2.134451833000014
"pop=100,gen=30,mut=0.05",100,30,0.05,0.1,1,5,0.8023905225655164,22,1.8834569579999538
"pop=100,gen=30,mut=0.05",100,30,0.05,0.1,1,6,0.8222125292227416,30,2.2575600410000334
"pop=100,gen=30,mut=0.05",100,30,0.05,0.1,1,7,0.8164142172829585,30,2.1657520420000083
"pop=100,gen=30,mut=0.05",100,30,0.05,0.1,1,8,0.8117595238399133,18,1.8977971670000215
"pop=100,gen=30,mut=0.05",100,30,0.05,0.1,1,9,0.9,18,1.8242483750000247
"pop=100,gen=30,mut=0.05",100,30,0.05,0.1,1,10,0.9,18,1.7490475419999711
"pop=100,gen=30,mut=0.05",100,30,0.05,0.1,1,11,0.8452089432282808,30,2.1690542089999667
"pop=100,gen=30,mut=0.05",100,30,0.05,0.1,1,12,0.8699005263318774,30,2.2809275839999827
"pop=100,gen=30,mut=0.05",100,30,0.05,0.1,1,13,0.8157863492280836,30,1.8810308330000112
"pop=100,gen=30,mut=0.05",100,30,0.05,0.1,1,14,0.8308051507558765,21,1.8690838750000012
"pop=100,gen=30,mut=0.05",100,30,0.05,0.1,1,15,0.8285220538317385,25,1.9627879579999785
"pop=100,gen=30,mut=0.05",100,30,0.05,0.1,1,16,0.9,18,1.7432527919999643
"pop=100,gen=30,mut=0.05",100,30,0.05,0.1,1,17,0.9,18,1.8054799999999886
"pop=100,gen=30,mut=0.05",100,30,0.05,0.1,1,18,0.8446890148445176,30,2.360388666999995
"pop=100,gen=30,mut=0.05",100,30,0.05,0.1,1,19,0.85815367056094,30,2.051065082999969
"pop=100,gen=30,mut=0.05",100,30,0.05,0.1,1,20,0.8011956979950712,30,2.098742375000029
"pop=100,gen=30,mut=0.05",100,30,0.05,0.1,1,21,0.8000116917101938,18,1.7741777079999679
"pop=100,gen=30,mut=0.05",100,30,0.05,0.1,1,22,0.802230132011851,30,2.08423966700002
"pop=100,gen=30,mut=0.05",100,30,0.05,0.1,1,23,0.840756491889831,30,2.09127808300002
"pop=100,gen=30,mut=0.05",100,30,0.05,0.1,1,24,0.8464799253793964,30,1.944079166999984
"pop=100,gen=30,mut=0.05",100,30,0.05,0.1,1,25,0.8548176923444033,30,2.0786315830000035
"pop=100,gen=30,mut=0.05",100,30,0.05,0.1,1,26,0.9,18,1.7371293339999738
"pop=100,gen=30,mut=0.05",100,30,0.05,0.1,1,27,0.8437832357906687,24,2.007576874999984
"pop=100,gen=30,mut=0.05",100,30,0.05,0.1,1,28,0.8284308488981356,30,2.1928210830000125
"pop=100,gen=30,mut=0.05",100,30,0.05,0.1,1,29,0.8568717341387384,30,2.113326541000049
"pop=100,gen=30,mut=0.05",100,30,0.05,0.1,1,30,0.8178966480997013,30,2.1623017499999833
"pop=100,gen=30,mut=0.05",100,30,0.05,0.1,1,31,0.8054601456685359,30,2.02246629199999
"pop=100,gen=30,mut=0.05",100,30,0.05,0.1,1,32,0.8,18,1.7989670840000258
"pop=100,gen=30,mut=0.05",100,30,0.05,0.1,1,33,0.8219872215523483,25,2.0277235419999897
"pop=100,gen=30,mut=0.05",100,30,0.05,0.1,1,34,0.8173186896546223,20,1.8326084160000278
"pop=100,gen=30,mut=0.05",100,30,0.05,0.1,1,35,0.8428793534351153,27,2.14679933299999
"pop=100,gen=30,mut=0.05",100,30,0.05,0.1,2,0,0.9,18,1.7366792919999625
"pop=100,gen=30,mut=0.05",100,30,0.05,0.1,2,1,0.9,18,1.8426136670000233
"pop=100,gen=30,mut=0.05",100,30,0.05,0.1,2,2,0.8135189525949518,30,2.2154580000000124
"pop=100,gen=30,mut=0.05",100,30,0.05,0.1,2,3,0.8284605618942602,30,2.0691015830000197
"pop=100,gen=30,mut=0.05",100,30,0.05,0.1,2,4,0.8186216537489968,30,2.1102448329999675
"pop=100,gen=30,mut=0.05",100,30,0.05,0.1,2,5,0.8018160466983393,30,2.1498754169999756
"pop=100,gen=30,mut=0.05",100,30,0.05,0.1,2,6,0.8212124587358222,27,2.150276125000005
"pop=100,gen=30,mut=0.05",100,30,0.05,0.1,2,7,0.8154651225689176,26,2.10610920900001
"pop=100,gen=30,mut=0.05",100,30,0.05,0.1,2,8,0.8127500669446185,18,1.7032098750000273
"pop=100,gen=30,mut=0.05",100,30,0.05,0.1,2,9,0.9,18,1.7723290000000134
"pop=100,gen=30,mut=0.05",100,30,0.05,0.1,2,10,0.9,18,1.8498465829999873
"pop=100,gen=30,mut=0.05",100,30,0.05,0.1,2,11,0.8478779116241563,30,2.2999167910000438
"pop=100,gen=30,mut=0.05",100,30,0.05,0.1,2,12,0.8701179650484848,30,2.275311875
"pop=100,gen=30,mut=0.05",100,30,0.05,0.1,2,13,0.8171438523970408,30,1.802376666999976
"pop=100,gen=30,mut=0.05",100,30,0.05,0.1,2,14,0.8301328862286753,30,2.1175796670000295
"pop=100,gen=30,mut=0.05",100,30,0.05,0.1,2,15,0.8279789889202811,24,1.8829584580000187
"pop=100,gen=30,mut=0.05",100,30,0.05,0.1,2,16,0.9,18,1.8304666249999855
"pop=100,gen=30,mut=0.05",100,30,0.05,0.1,2,17,0.9,18,1.8784981250000214
"pop=100,gen=30,mut=0.05",100,30,0.05,0.1,2,18,0.844981320183255,30,2.1794769580000093
"pop=100,gen=30,mut=0.05",100,30,0.05,0.1,2,19,0.8582090272989188,30,2.2811772919999953
"pop=100,gen=30,mut=0.05",100,30,0.05,0.1,2,20,0.8,18,1.773808540999994
"pop=100,gen=30,mut=0.05",100,30,0.05,0.1,2,21,0.8000144598507434,24,2.0291863749999948
"pop=100,gen=30,mut=0.05",100,30,0.05,0.1,2,22,0.8037117166957403,30,2.228702749999968
"pop=100,gen=30,mut=0.05",100,30,0.05,0.1,2,23,0.8426974437337024,30,2.167876791000026
"pop=100,gen=30,mut=0.05",100,30,0.05,0.1,2,24,0.847694699140428,30,1.9695339579999995
"pop=100,gen=30,mut=0.05",100,30,0.05,0.1,2,25,0.8499612169708155,22,1.8054902080000375
"pop=100,gen=30,mut=0.05",100,30,0.05,0.1,2,26,0.9,18,1.9870877500000006
"pop=100,gen=30,mut=0.05",100,30,0.05,0.1,2,27,0.8469359242756614,30,2.3805326250000007
"pop=100,gen=30,mut=0.05",100,30,0.05,0.1,2,28,0.8321191755075678,30,2.200200332999998
"pop=100,gen=30,mut=0.05",100,30,0.05,0.1,2,29,0.8575582791834676,28,2.1490992920000167
"pop=100,gen=30,mut=0.05",100,30,0.05,0.1,2,30,0.817463179715898,30,2.060111499999948
"pop=100,gen=30,mut=0.05",100,30,0.05,0.1,2,31,0.8067314293264869,30,2.178013165999971
"pop=100,gen=30,mut=0.05",100,30,0.05,0.1,2,32,0.8,18,1.8385170000000244
"pop=100,gen=30,mut=0.05",100,30,0.05,0.1,2,33,0.8226206850767058,28,1.9921724170000061
"pop=100,gen=30,mut=0.05",100,30,0.05,0.1,2,34,0.8178782549184906,22,1.8378258340000002
"pop=100,gen=30,mut=0.05",100,30,0.05,0.1,2,35,0.8429511972195599,30,2.2687985000000026
"pop=100,gen=50,mut=0.01",100,50,0.01,0.1,0,0,0.9,18,1.7177614169999629
"pop=100,gen=50,mut=0.01",100,50,0.01,0.1,0,1,0.9,18,1.875835875000007
"pop=100,gen=50,mut=0.01",100,50,0.01,0.1,0,2,0.8088464168158567,50,2.569212666999988
"pop=100,gen=50,mut=0.01",100,50,0.01,0.1,0,3,0.8267899420326363,43,2.2425467080000203
"pop=100,gen=50,mut=0.01",100,50,0.01,0.1,0,4,0.8183036705630314,34,1.8897730420000016
"pop=100,gen=50,mut=0.01",100,50,0.01,0.1,0,5,0.8002021374234707,18,1.6873938329999874
"pop=100,gen=50,mut=0.01",100,50,0.01,0.1,0,6,0.8199775825248189,32,1.9932002500000294
"pop=100,gen=50,mut=0.01",100,50,0.01,0.1,0,7,0.8161299701190411,22,1.809889333000001
"pop=100,gen=50,mut=0.01",100,50,0.01,0.1,0,8,0.8107997035215051,23,1.8661277080000218
"pop=100,gen=50,mut=0.01",100,50,0.01,0.1,0,9,0.9,18,1.660326915999974
"pop=100,gen=50,mut=0.01",100,50,0.01,0.1,0,10,0.9,18,1.6500937499999964
"pop=100,gen=50,mut=0.01",100,50,0.01,0.1,0,11,0.8449229335768453,50,2.4622130829999946
"pop=100,gen=50,mut=0.01",100,50,0.01,0.1,0,12,0.8697708796702996,50,2.5150266660000398
"pop=100,gen=50,mut=0.01",100,50,0.01,0.1,0,13,0.8138279833396751,39,1.8510946659999945
"pop=100,gen=50,mut=0.01",100,50,0.01,0.1,0,14,0.8298818886181082,50,2.411058333000028
"pop=100,gen=50,mut=0.01",100,50,0.01,0.1,0,15,0.8280604211664686,27,1.8345616659999564
"pop=100,gen=50,mut=0.01",100,50,0.01,0.1,0,16,0.9,18,1.6553984170000149
"pop=100,gen=50,mut=0.01",100,50,0.01,0.1,0,17,0.9,19,1.7406513750000272
"pop=100,gen=50,mut=0.01",100,50,0.01,0.1,0,18,0.8427970429301158,24,1.8295512500000086
"pop=100,gen=50,mut=0.01",100,50,0.01,0.1,0,19,0.8581517804297086,50,2.3936072500000023
"pop=100,gen=50,mut=0.01",100,50,0.01,0.1,0,20,0.8007304105811534,27,1.9607177500000148
"pop=100,gen=50,mut=0.01",100,50,0.01,0.1,0,21,0.8003115281056927,22,1.7964787500000057
"pop=100,gen=50,mut=0.01",100,50,0.01,0.1,0,22,0.8034103731287807,50,2.365696875000026
"pop=100,gen=50,mut=0.01",100,50,0.01,0.1,0,23,0.8439343467174772,50,2.246534791999977
"pop=100,gen=50,mut=0.01",100,50,0.01,0.1,0,24,0.8474297996062773,30,1.920742209000025
"pop=100,gen=50,mut=0.01",100,50,0.01,0.1,0,25,0.8560137353843281,50,2.4087453750000236
"pop=100,gen=50,mut=0.01",100,50,0.01,0.1,0,26,0.9,18,1.7266755829999738
"pop=100,gen=50,mut=0.01",100,50,0.01,0.1,0,27,0.8351600426519882,50,2.698090417000003
"pop=100,gen=50,mut=0.01",100,50,0.01,0.1,0,28,0.8262782911977038,30,2.0318142909999892
"pop=100,gen=50,mut=0.01",100,50,0.01,0.1,0,29,0.8535333283053543,50,2.358866791999958
"pop=100,gen=50,mut=0.01",100,50,0.01,0.1,0,30,0.8180359169392696,50,2.2134293340000113
"pop=100,gen=50,mut=0.01",100,50,0.01,0.1,0,31,0.806705692526307,30,2.030678500000022
"pop=100,gen=50,mut=0.01",100,50,0.01,0.1,0,32,0.8,18,1.7127461669999775
"pop=100,gen=50,mut=0.01",100,50,0.01,0.1,0,33,0.8206341915038833,43,1.8269019169999865
"pop=100,gen=50,mut=0.01",100,50,0.01,0.1,0,34,0.8178478928269555,42,2.2317077080000445
"pop=100,gen=50,mut=0.01",100,50,0.01,0.1,0,35,0.8428769225640733,26,1.912492874999998
"pop=100,gen=50,mut=0.01",100,50,0.01,0.1,1,0,0.9,18,1.6974115419999976
"pop=100,gen=50,mut=0.01",100,50,0.01,0.1,1,1,0.9,20,1.7514383750000206
"pop=100,gen=50,mut=0.01",100,50,0.01,0.1,1,2,0.8112612665222005,40,2.1226422500000126
"pop=100,gen=50,mut=0.01",100,50,0.01,0.1,1,3,0.8250206978965243,50,2.477122750000035
"pop=100,gen=50,mut=0.01",100,50,0.01,0.1,1,4,0.8177998843175285,47,2.3296772919999853
"pop=100,gen=50,mut=0.01",100,50,0.01,0.1,1,5,0.8012372237983443,32,2.0605274590000136
"pop=100,gen=50,mut=0.01",100,50,0.01,0.1,1,6,0.8220907917979454,18,1.8041041670000482
"pop=100,gen=50,mut=0.01",100,50,0.01,0.1,1,7,0.8154325705731006,25,1.8861093750000464
"pop=100,gen=50,mut=0.01",100,50,0.01,0.1,1,8,0.8106804864416797,21,1.78838466600007
"pop=100,gen=50,mut=0.01",100,50,0.01,0.1,1,9,0.9,18,1.6345424580000554
"pop=100,gen=50,mut=0.01",100,50,0.01,0.1,1,10,0.9,18,1.6702934580000601
"pop=100,gen=50,mut=0.01",100,50,0.01,0.1,1,11,0.8460248642459719,50,2.616464833000009
"pop=100,gen=50,mut=0.01",100,50,0.01,0.1,1,12,0.8698588455486151,50,2.51863687499997
"pop=100,gen=50,mut=0.01",100,50,0.01,0.1,1,13,0.8147663972077731,46,2.079618707999998
"pop=100,gen=50,mut=0.01",100,50,0.01,0.1,1,14,0.8285016465477596,27,1.8734693750000133
"pop=100,gen=50,mut=0.01",100,50,0.01,0.1,1,15,0.8230621628377464,42,2.2802728749999233
"pop=100,gen=50,mut=0.01",100,50,0.01,0.1,1,16,0.9,18,1.7008222080000905
"pop=100,gen=50,mut=0.01",100,50,0.01,0.1,1,17,0.9,18,1.6769300419999809
"pop=100,gen=50,mut=0.01",100,50,0.01,0.1,1,18,0.8428401538640217,50,2.3507637090000344
"pop=100,gen=50,mut=0.01",100,50,0.01,0.1,1,19,0.8576667245474128,50,2.437056583999947
"pop=100,gen=50,mut=0.01",100,50,0.01,0.1,1,20,0.8,18,1.6939958330000309
"pop=100,gen=50,mut=0.01",100,50,0.01,0.1,1,21,0.8,18,1.706369957999982
"pop=100,gen=50,mut=0.01",100,50,0.01,0.1,1,22,0.8016175017596104,50,2.621262250000086
"pop=100,gen=50,mut=0.01",100,50,0.01,0.1,1,23,0.8414484830432598,50,1.8162582500000326
"pop=100,gen=50,mut=0.01",100,50,0.01,0.1,1,24,0.847188616408499,50,2.195284458999936
"pop=100,gen=50,mut=0.01",100,50,0.01,0.1,1,25,0.8494120628293035,23,1.7586126670000795
"pop=100,gen=50,mut=0.01",100,50,0.01,0.1,1,26,0.9,18,1.6782782500000621
"pop=100,gen=50,mut=0.01",100,50,0.01,0.1,1,27,0.8454513556188901,50,2.3037792909999553
"pop=100,gen=50,mut=0.01",100,50,0.01,0.1,1,28,0.8276365898400053,27,1.912783042000001
"pop=100,gen=50,mut=0.01",100,50,0.01,0.1,1,29,0.8554770518836964,40,2.2851078749999942
"pop=100,gen=50,mut=0.01",100,50,0.01,0.1,1,30,0.8166922381982096,44,2.026263083999993
"pop=100,gen=50,mut=0.01",100,50,0.01,0.1,1,31,0.8066854529242143,50,2.3610973339999646
"pop=100,gen=50,mut=0.01",100,50,0.01,0.1,1,32,0.8017869172741598,36,2.216934374999937
"pop=100,gen=50,mut=0.01",100,50,0.01,0.1,1,33,0.8216250614763627,33,2.0324322080000456
"pop=100,gen=50,mut=0.01",100,50,0.01,0.1,1,34,0.8173534757825336,25,1.8354314169999952
"pop=100,gen=50,mut=0.01",100,50,0.01,0.1,1,35,0.8397690429859609,31,2.141599874999997
"pop=100,gen=50,mut=0.01",100,50,0.01,0.1,2,0,0.9,18,1.6436039579999715
"pop=100,gen=50,mut=0.01",100,50,0.01,0.1,2,1,0.9,18,1.6670842080000057
"pop=100,gen=50,mut=0.01",100,50,0.01,0.1,2,2,0.8121027177178877,50,2.1993547089999765
"pop=100,gen=50,mut=0.01",100,50,0.01,0.1,2,3,0.827050625041154,50,2.521880333000013
"pop=100,gen=50,mut=0.01",100,50,0.01,0.1,2,4,0.8179412488066071,41,2.219679166999981
"pop=100,gen=50,mut=0.01",100,50,0.01,0.1,2,5,0.8023833204310404,18,1.702193833000024
"pop=100,gen=50,mut=0.01",100,50,0.01,0.1,2,6,0.8200546094513461,18,1.6726389579999932
"pop=100,gen=50,mut=0.01",100,50,0.01,0.1,2,7,0.815684533221092,29,1.8748525830000062
"pop=100,gen=50,mut=0.01",100,50,0.01,0.1,2,8,0.8101330336948352,26,1.8544718329999341
"pop=100,gen=50,mut=0.01",100,50,0.01,0.1,2,9,0.9,18,1.6395535830000654
"pop=100,gen=50,mut=0.01",100,50,0.01,0.1,2,10,0.9,18,1.663562875000025
"pop=100,gen=50,mut=0.01",100,50,0.01,0.1,2,11,0.8461969425780219,50,2.5523148329999685
"pop=100,gen=50,mut=0.01",100,50,0.01,0.1,2,12,0.8692516351729171,38,2.152601582999978
"pop=100,gen=50,mut=0.01",100,50,0.01,0.1,2,13,0.812282628000234,31,1.8293761659999745
"pop=100,gen=50,mut=0.01",100,50,0.01,0.1,2,14,0.831334275800246,50,2.4364734160000125
"pop=100,gen=50,mut=0.01",100,50,0.01,0.1,2,15,0.8257355205302614,42,2.432310708999921
"pop=100,gen=50,mut=0.01",100,50,0.01,0.1,2,16,0.9,18,1.6583762920000709
"pop=100,gen=50,mut=0.01",100,50,0.01,0.1,2,17,0.9,18,1.7204466250000223
"pop=100,gen=50,mut=0.01",100,50,0.01,0.1,2,18,0.8433384741182532,23,1.7214518329999464
"pop=100,gen=50,mut=0.01",100,50,0.01,0.1,2,19,0.8582460992376939,50,2.3411129579999397
"pop=100,gen=50,mut=0.01",100,50,0.01,0.1,2,20,0.8009976976849125,37,2.4253285419999884
"pop=100,gen=50,mut=0.01",100,50,0.01,0.1,2,21,0.8,18,1.730294709000077
"pop=100,gen=50,mut=0.01",100,50,0.01,0.1,2,22,0.8028440673005556,47,2.1866483330001074
"pop=100,gen=50,mut=0.01",100,50,0.01,0.1,2,23,0.842528921098154,50,2.2820899589999044
"pop=100,gen=50,mut=0.01",100,50,0.01,0.1,2,24,0.847223299993566,50,2.264085334000015
"pop=100,gen=50,mut=0.01",100,50,0.01,0.1,2,25,0.8485335809962373,50,2.1642046670000354
"pop=100,gen=50,mut=0.01",100,50,0.01,0.1,2,26,0.9,18,1.668166000000042
"pop=100,gen=50,mut=0.01",100,50,0.01,0.1,2,27,0.8335397957036577,22,1.869711250000023
"pop=100,gen=50,mut=0.01",100,50,0.01,0.1,2,28,0.8287268973099818,35,2.0354187499999625
"pop=100,gen=50,mut=0.01",100,50,0.01,0.1,2,29,0.8560220635891552,27,1.9103414170000406
"pop=100,gen=50,mut=0.01",100,50,0.01,0.1,2,30,0.8160789640434163,50,2.2288308749999715
"pop=100,gen=50,mut=0.01",100,50,0.01,0.1,2,31,0.8043909522538701,27,2.0458933749999915
"pop=100,gen=50,mut=0.01",100,50,0.01,0.1,2,32,0.8,18,1.6735025829999586
"pop=100,gen=50,mut=0.01",100,50,0.01,0.1,2,33,0.8227675951147722,45,2.0925092500000346
"pop=100,gen=50,mut=0.01",100,50,0.01,0.1,2,34,0.8172282706413267,36,2.168307041999924
"pop=100,gen=50,mut=0.01",100,50,0.01,0.1,2,35,0.8421814412536777,28,2.030107375000057
"pop=100,gen=50,mut=0.05",100,50,0.05,0.1,0,0,0.9,18,1.712146209000025
"pop=100,gen=50,mut=0.05",100,50,0.05,0.1,0,1,0.9,18,1.7541152909999482
"pop=100,gen=50,mut=0.05",100,50,0.05,0.1,0,2,0.8125719640330125,44,2.2192656660000694
"pop=100,gen=50,mut=0.05",100,50,0.05,0.1,0,3,0.8266302287672255,50,2.6083692500000097
"pop=100,gen=50,mut=0.05",100,50,0.05,0.1,0,4,0.8187082726245051,35,2.161374207999984
"pop=100,gen=50,mut=0.05",100,50,0.05,0.1,0,5,0.8006074555464536,27,2.1762604580000016
"pop=100,gen=50,mut=0.05",100,50,0.05,0.1,0,6,0.8210375131235468,22,1.972723207999934
"pop=100,gen=50,mut=0.05",100,50,0.05,0.1,0,7,0.8159300281242848,23,1.9862559580000152
"pop=100,gen=50,mut=0.05",100,50,0.05,0.1,0,8,0.8120113157199844,37,2.4254077919999872
"pop=100,gen=50,mut=0.05",100,50,0.05,0.1,0,9,0.9,18,1.7171427920000042
"pop=100,gen=50,mut=0.05",100,50,0.05,0.1,0,10,0.9,18,1.7010190419999844
"pop=100,gen=50,mut=0.05",100,50,0.05,0.1,0,11,0.8471897510731604,50,2.8364511250000533
"pop=100,gen=50,mut=0.05",100,50,0.05,0.1,0,12,0.8691932381440131,18,1.8194360830000278
"pop=100,gen=50,mut=0.05",100,50,0.05,0.1,0,13,0.8136986868776738,43,2.0343302920000497
"pop=100,gen=50,mut=0.05",100,50,0.05,0.1,0,14,0.8322381074606546,29,2.115221375000033
"pop=100,gen=50,mut=0.05",100,50,0.05,0.1,0,15,0.8283103931166501,21,1.8129450000000134
"pop=100,gen=50,mut=0.05",100,50,0.05,0.1,0,16,0.9,18,1.6768208339999546
"pop=100,gen=50,mut=0.05",100,50,0.05,0.1,0,17,0.9,18,1.7461071660000016
"pop=100,gen=50,mut=0.05",100,50,0.05,0.1,0,18,0.8445561688195349,50,2.5374197500000264
"pop=100,gen=50,mut=0.05",100,50,0.05,0.1,0,19,0.8582554789680134,27,1.973083957999961
"pop=100,gen=50,mut=0.05",100,50,0.05,0.1,0,20,0.8008387325861372,31,2.200110082999913
"pop=100,gen=50,mut=0.05",100,50,0.05,0.1,0,21,0.8006701478779089,30,2.212430499999982
"pop=100,gen=50,mut=0.05",100,50,0.05,0.1,0,22,0.8019093565509475,44,2.554240625000034
"pop=100,gen=50,mut=0.05",100,50,0.05,0.1,0,23,0.8430275604692374,50,2.1619994579999684
"pop=100,gen=50,mut=0.05",100,50,0.05,0.1,0,24,0.8489115265073349,47,2.2362469170000168
"pop=100,gen=50,mut=0.05",100,50,0.05,0.1,0,25,0.8583379046399425,50,2.6902405829999907
"pop=100,gen=50,mut=0.05",100,50,0.05,0.1,0,26,0.9,18,1.7625423330000558
"pop=100,gen=50,mut=0.05",100,50,0.05,0.1,0,27,0.8445354923783859,40,2.578088041000001
"pop=100,gen=50,mut=0.05",100,50,0.05,0.1,0,28,0.8307451809623237,46,2.412827417000017
"pop=100,gen=50,mut=0.05",100,50,0.05,0.1,0,29,0.8565978391044404,26,1.9817453329999353
"pop=100,gen=50,mut=0.05",100,50,0.05,0.1,0,30,0.817565430801229,37,2.1484620420000056
"pop=100,gen=50,mut=0.05",100,50,0.05,0.1,0,31,0.8065287702778612,21,1.8002251670000078
"pop=100,gen=50,mut=0.05",100,50,0.05,0.1,0,32,0.8021021634875829,45,2.6003039580000404
"pop=100,gen=50,mut=0.05",100,50,0.05,0.1,0,33,0.8218477131619644,48,2.10054741700003
"pop=100,gen=50,mut=0.05",100,50,0.05,0.1,0,34,0.8177709687283122,27,1.9556721249999782
"pop=100,gen=50,mut=0.05",100,50,0.05,0.1,0,35,0.8445399702970366,28,2.1858926659999725
"pop=100,gen=50,mut=0.05",100,50,0.05,0.1,1,0,0.9,18,1.7118946250000135
"pop=100,gen=50,mut=0.05",100,50,0.05,0.1,1,1,0.9,18,1.733514624999998
"pop=100,gen=50,mut=0.05",100,50,0.05,0.1,1,2,0.8112842061145066,50,2.591974499999992
"pop=100,gen=50,mut=0.05",100,50,0.05,0.1,1,3,0.8268815793121274,50,2.5092039580000574
"pop=100,gen=50,mut=0.05",100,50,0.05,0.1,1,4,0.8178676964926219,38,2.21572137499993
"pop=100,gen=50,mut=0.05",100,50,0.05,0.1,1,5,0.8023905225655164,22,1.8263048339999841
"pop=100,gen=50,mut=0.05",100,50,0.05,0.1,1,6,0.8222125292227416,37,2.435587499999997
"pop=100,gen=50,mut=0.05",100,50,0.05,0.1,1,7,0.8164142172829585,33,2.2855274160000363
"pop=100,gen=50,mut=0.05",100,50,0.05,0.1,1,8,0.8117595238399133,18,1.7403699169999527
"pop=100,gen=50,mut=0.05",100,50,0.05,0.1,1,9,0.9,18,1.7081640420000213
"pop=100,gen=50,mut=0.05",100,50,0.05,0.1,1,10,0.9,18,1.6922202499999912
"pop=100,gen=50,mut=0.05",100,50,0.05,0.1,1,11,0.846610851778267,50,2.834679833999985
"pop=100,gen=50,mut=0.05",100,50,0.05,0.1,1,12,0.8699530704965441,50,2.8163323750000018
"pop=100,gen=50,mut=0.05",100,50,0.05,0.1,1,13,0.8157863492280836,30,1.8968751249999514
"pop=100,gen=50,mut=0.05",100,50,0.05,0.1,1,14,0.8308051507558765,21,1.8131994579999855
"pop=100,gen=50,mut=0.05",100,50,0.05,0.1,1,15,0.8285220538317385,25,2.2701311660000556
"pop=100,gen=50,mut=0.05",100,50,0.05,0.1,1,16,0.9,18,2.0640510839999706
"pop=100,gen=50,mut=0.05",100,50,0.05,0.1,1,17,0.9,18,1.9577847089999523
"pop=100,gen=50,mut=0.05",100,50,0.05,0.1,1,18,0.8447159993403963,50,3.041467666000017
"pop=100,gen=50,mut=0.05",100,50,0.05,0.1,1,19,0.8582041111961151,50,2.5905479169999808
"pop=100,gen=50,mut=0.05",100,50,0.05,0.1,1,20,0.8013188397703302,50,2.733451333000062
"pop=100,gen=50,mut=0.05",100,50,0.05,0.1,1,21,0.8000116917101938,18,1.8290855420000298
"pop=100,gen=50,mut=0.05",100,50,0.05,0.1,1,22,0.8022746126044991,50,2.6680395420000877
"pop=100,gen=50,mut=0.05",100,50,0.05,0.1,1,23,0.8415647406149674,50,2.4888703330000226
"pop=100,gen=50,mut=0.05",100,50,0.05,0.1,1,24,0.8467584772365888,50,2.276307000000088
"pop=100,gen=50,mut=0.05",100,50,0.05,0.1,1,25,0.8573115835434674,50,2.7985266659999297
"pop=100,gen=50,mut=0.05",100,50,0.05,0.1,1,26,0.9,18,1.7261236250000138
"pop=100,gen=50,mut=0.05",100,50,0.05,0.1,1,27,0.8437832357906687,24,2.0774620000000823
"pop=100,gen=50,mut=0.05",100,50,0.05,0.1,1,28,0.8300354915027274,41,2.7429588330001025
"pop=100,gen=50,mut=0.05",100,50,0.05,0.1,1,29,0.8568717341387384,39,2.4074633330000097
"pop=100,gen=50,mut=0.05",100,50,0.05,0.1,1,30,0.8180817325700471,46,2.380822791000014
"pop=100,gen=50,mut=0.05",100,50,0.05,0.1,1,31,0.8058237792203599,50,2.450109750000024
"pop=100,gen=50,mut=0.05",100,50,0.05,0.1,1,32,0.8,18,1.7875315830000318
"pop=100,gen=50,mut=0.05",100,50,0.05,0.1,1,33,0.8219872215523483,25,1.8734753749999982
"pop=100,gen=50,mut=0.05",100,50,0.05,0.1,1,34,0.8173186896546223,20,1.8545201659999293
"pop=100,gen=50,mut=0.05",100,50,0.05,0.1,1,35,0.8428793534351153,27,2.1319422500000655
"pop=100,gen=50,mut=0.05",100,50,0.05,0.1,2,0,0.9,18,1.7470098750000034
"pop=100,gen=50,mut=0.05",100,50,0.05,0.1,2,1,0.9,18,1.8107543749999877
"pop=100,gen=50,mut=0.05",100,50,0.05,0.1,2,2,0.8135189525949518,36,2.2792505419999998
"pop=100,gen=50,mut=0.05",100,50,0.05,0.1,2,3,0.8285585542269186,50,2.352734541000018
"pop=100,gen=50,mut=0.05",100,50,0.05,0.1,2,4,0.8186454243220067,50,2.5666021249999176
"pop=100,gen=50,mut=0.05",100,50,0.05,0.1,2,5,0.8018693460399439,42,2.324806125000009
"pop=100,gen=50,mut=0.05",100,50,0.05,0.1,2,6,0.8212124587358222,27,2.161954332999926
"pop=100,gen=50,mut=0.05",100,50,0.05,0.1,2,7,0.8154651225689176,26,2.05330595800001
"pop=100,gen=50,mut=0.05",100,50,0.05,0.1,2,8,0.8127500669446185,18,1.6246720419999292
"pop=100,gen=50,mut=0.05",100,50,0.05,0.1,2,9,0.9,18,1.7621421659999896
"pop=100,gen=50,mut=0.05",100,50,0.05,0.1,2,10,0.9,18,1.7282562499999585
"pop=100,gen=50,mut=0.05",100,50,0.05,0.1,2,11,0.8480485133502124,50,2.8225557499999923
"pop=100,gen=50,mut=0.05",100,50,0.05,0.1,2,12,0.8701268360277995,47,2.6066924169999766
"pop=100,gen=50,mut=0.05",100,50,0.05,0.1,2,13,0.8171442387396715,40,1.8477714160000005
"pop=100,gen=50,mut=0.05",100,50,0.05,0.1,2,14,0.831390396484412,44,2.436443707999956
"pop=100,gen=50,mut=0.05",100,50,0.05,0.1,2,15,0.8279789889202811,24,1.8342214169999806
"pop=100,gen=50,mut=0.05",100,50,0.05,0.1,2,16,0.9,18,1.7651200830000562
"pop=100,gen=50,mut=0.05",100,50,0.05,0.1,2,17,0.9,18,1.7583487089999608
"pop=100,gen=50,mut=0.05",100,50,0.05,0.1,2,18,0.844981320183255,30,2.258924458000024
"pop=100,gen=50,mut=0.05",100,50,0.05,0.1,2,19,0.8583157751723733,46,2.5528762080000433
"pop=100,gen=50,mut=0.05",100,50,0.05,0.1,2,20,0.8,18,1.75111574999994
"pop=100,gen=50,mut=0.05",100,50,0.05,0.1,2,21,0.8000144598507434,24,2.0122113749999926
"pop=100,gen=50,mut=0.05",100,50,0.05,0.1,2,22,0.8037472180471639,45,2.6072338330000093
"pop=100,gen=50,mut=0.05",100,50,0.05,0.1,2,23,0.8433506115144623,50,2.3828264999999647
"pop=100,gen=50,mut=0.05",100,50,0.05,0.1,2,24,0.8477072905327496,41,2.0233783329999824
"pop=100,gen=50,mut=0.05",100,50,0.05,0.1,2,25,0.8499612169708155,22,1.7561868750000258
"pop=100,gen=50,mut=0.05",100,50,0.05,0.1,2,26,0.9,18,1.7491805829999976
"pop=100,gen=50,mut=0.05",100,50,0.05,0.1,2,27,0.8469359242756614,31,2.2516195000000607
"pop=100,gen=50,mut=0.05",100,50,0.05,0.1,2,28,0.8321191755075678,35,2.3347185420000187
"pop=100,gen=50,mut=0.05",100,50,0.05,0.1,2,29,0.8575582791834676,28,2.141166999999996
"pop=100,gen=50,mut=0.05",100,50,0.05,0.1,2,30,0.817463179715898,39,2.183625124999935
"pop=100,gen=50,mut=0.05",100,50,0.05,0.1,2,31,0.8067314293264869,39,2.2958099589999392
"pop=100,gen=50,mut=0.05",100,50,0.05,0.1,2,32,0.8,18,1.8476149580000083
"pop=100,gen=50,mut=0.05",100,50,0.05,0.1,2,33,0.8226206850767058,28,1.9036271669999678
"pop=100,gen=50,mut=0.05",100,50,0.05,0.1,2,34,0.8178782549184906,22,1.823968208999986
"pop=100,gen=50,mut=0.05",100,50,0.05,0.1,2,35,0.8429511972195599,30,2.2123220830000037
"pop=100,gen=50,mut=0.1",100,50,0.1,0.1,0,0,0.9,50,3.126519499999972
"pop=100,gen=50,mut=0.1",100,50,0.1,0.1,0,1,0.9,50,2.9390798750000613
"pop=100,gen=50,mut=0.1",100,50,0.1,0.1,0,2,0.812246099780327,50,2.5942507089999935
"pop=100,gen=50,mut=0.1",100,50,0.1,0.1,0,3,0.8284754266177752,50,2.7761749589999454
"pop=100,gen=50,mut=0.1",100,50,0.1,0.1,0,4,0.818272667773395,50,2.6647500840000475
"pop=100,gen=50,mut=0.1",100,50,0.1,0.1,0,5,0.8017302045528882,50,2.4378576249999924
"pop=100,gen=50,mut=0.1",100,50,0.1,0.1,0,6,0.821217077512731,50,2.8781452499999887
"pop=100,gen=50,mut=0.1",100,50,0.1,0.1,0,7,0.8159742072522437,50,2.494253249999929
"pop=100,gen=50,mut=0.1",100,50,0.1,0.1,0,8,0.8127036036628763,50,2.5568929169999137
"pop=100,gen=50,mut=0.1",100,50,0.1,0.1,0,9,0.9,50,3.0991984579999325
"pop=100,gen=50,mut=0.1",100,50,0.1,0.1,0,10,0.9,50,3.021738207999988
"pop=100,gen=50,mut=0.1",100,50,0.1,0.1,0,11,0.8476788362540149,50,3.215438790999997
"pop=100,gen=50,mut=0.1",100,50,0.1,0.1,0,12,0.8699854407183272,50,2.924977166000076
"pop=100,gen=50,mut=0.1",100,50,0.1,0.1,0,13,0.8174756332939979,50,2.113826958000004
"pop=100,gen=50,mut=0.1",100,50,0.1,0.1,0,14,0.8304721933803901,50,2.3799496250001084
"pop=100,gen=50,mut=0.1",100,50,0.1,0.1,0,15,0.8290363900516616,50,2.5814675829999487
"pop=100,gen=50,mut=0.1",100,50,0.1,0.1,0,16,0.9,50,2.7488536659999454
"pop=100,gen=50,mut=0.1",100,50,0.1,0.1,0,17,0.9,50,2.9274221670000315
"pop=100,gen=50,mut=0.1",100,50,0.1,0.1,0,18,0.843641056639656,50,2.838198874999989
"pop=100,gen=50,mut=0.1",100,50,0.1,0.1,0,19,0.8581912854435382,50,2.8326091249999763
"pop=100,gen=50,mut=0.1",100,50,0.1,0.1,0,20,0.8011472302882665,50,3.038269458000059
"pop=100,gen=50,mut=0.1",100,50,0.1,0.1,0,21,0.8007007338366489,50,2.9915836249999757
"pop=100,gen=50,mut=0.1",100,50,0.1,0.1,0,22,0.8034260068759412,50,2.7810615409999855
"pop=100,gen=50,mut=0.1",100,50,0.1,0.1,0,23,0.8450219649286232,50,2.6071341670000265
"pop=100,gen=50,mut=0.1",100,50,0.1,0.1,0,24,0.8494878014137075,50,2.5248715000000175
"pop=100,gen=50,mut=0.1",100,50,0.1,0.1,0,25,0.8583983364542584,50,2.9185591250000016
"pop=100,gen=50,mut=0.1",100,50,0.1,0.1,0,26,0.9,50,3.0180830420000575
"pop=100,gen=50,mut=0.1",100,50,0.1,0.1,0,27,0.8426598889660064,50,3.0060900000000856
"pop=100,gen=50,mut=0.1",100,50,0.1,0.1,0,28,0.830605468515151,50,2.6738128749999532
"pop=100,gen=50,mut=0.1",100,50,0.1,0.1,0,29,0.8580091852190888,50,2.8937336669999922
"pop=100,gen=50,mut=0.1",100,50,0.1,0.1,0,30,0.8167196643314649,50,2.2869044169999597
"pop=100,gen=50,mut=0.1",100,50,0.1,0.1,0,31,0.8067459515527158,50,2.617261625000083
"pop=100,gen=50,mut=0.1",100,50,0.1,0.1,0,32,0.8008032737777346,50,2.933851790999938
"pop=100,gen=50,mut=0.1",100,50,0.1,0.1,0,33,0.8226419805998344,50,2.1657484589999285
"pop=100,gen=50,mut=0.1",100,50,0.1,0.1,0,34,0.8175394881789401,50,2.2058769159999656
"pop=100,gen=50,mut=0.1",100,50,0.1,0.1,0,35,0.8423487599727261,50,2.687850709000031
"pop=100,gen=50,mut=0.1",100,50,0.1,0.1,1,0,0.9,50,2.6907153750000816
"pop=100,gen=50,mut=0.1",100,50,0.1,0.1,1,1,0.9,50,2.8992463749999615
"pop=100,gen=50,mut=0.1",100,50,0.1,0.1,1,2,0.8132734783219154,50,2.4093987079999124
"pop=100,gen=50,mut=0.1",100,50,0.1,0.1,1,3,0.8275497728775189,50,2.609608167000033
"pop=100,gen=50,mut=0.1",100,50,0.1,0.1,1,4,0.818339591962302,50,2.700022833000048
"pop=100,gen=50,mut=0.1",100,50,0.1,0.1,1,5,0.8007010284829057,50,3.030486791000044
"pop=100,gen=50,mut=0.1",100,50,0.1,0.1,1,6,0.8226411548026564,50,2.910310000000095
"pop=100,gen=50,mut=0.1",100,50,0.1,0.1,1,7,0.8168820202216727,50,2.6191850839999233
"pop=100,gen=50,mut=0.1",100,50,0.1,0.1,1,8,0.8118567153044838,50,2.613773042000048
"pop=100,gen=50,mut=0.1",100,50,0.1,0.1,1,9,0.9,50,2.970201041999985
"pop=100,gen=50,mut=0.1",100,50,0.1,0.1,1,10,0.9,50,3.0496355409999296
"pop=100,gen=50,mut=0.1",100,50,0.1,0.1,1,11,0.8479975468537243,50,3.006053665999957
"pop=100,gen=50,mut=0.1",100,50,0.1,0.1,1,12,0.8697979564652588,50,2.952144291999957
"pop=100,gen=50,mut=0.1",100,50,0.1,0.1,1,13,0.8141105926130559,50,2.166005000000041
"pop=100,gen=50,mut=0.1",100,50,0.1,0.1,1,14,0.8329155427683073,50,2.9928815409999743
"pop=100,gen=50,mut=0.1",100,50,0.1,0.1,1,15,0.8282519658876991,50,2.3411265830000048
"pop=100,gen=50,mut=0.1",100,50,0.1,0.1,1,16,0.9,50,2.852192833999993
"pop=100,gen=50,mut=0.1",100,50,0.1,0.1,1,17,0.9,50,3.040189332999944
"pop=100,gen=50,mut=0.1",100,50,0.1,0.1,1,18,0.8424791045822203,50,2.736774917000048
"pop=100,gen=50,mut=0.1",100,50,0.1,0.1,1,19,0.8588889824758158,50,2.856281833999901
"pop=100,gen=50,mut=0.1",100,50,0.1,0.1,1,20,0.8013282619043461,50,3.0994080000000395
"pop=100,gen=50,mut=0.1",100,50,0.1,0.1,1,21,0.8,50,3.0358500419999928
"pop=100,gen=50,mut=0.1",100,50,0.1,0.1,1,22,0.8033754818509622,50,2.760316750000129
"pop=100,gen=50,mut=0.1",100,50,0.1,0.1,1,23,0.8449695373337219,50,2.532761541000127
"pop=100,gen=50,mut=0.1",100,50,0.1,0.1,1,24,0.8489394876150043,50,2.7386283329999515
"pop=100,gen=50,mut=0.1",100,50,0.1,0.1,1,25,0.8574230338586584,50,3.784274208999932
"pop=100,gen=50,mut=0.1",100,50,0.1,0.1,1,26,0.9,50,3.2530511249999563
"pop=100,gen=50,mut=0.1",100,50,0.1,0.1,1,27,0.8458375859826124,50,2.9602727500000583
"pop=100,gen=50,mut=0.1",100,50,0.1,0.1,1,28,0.8312676169638147,50,2.9014862920000724
"pop=100,gen=50,mut=0.1",100,50,0.1,0.1,1,29,0.8549589698375795,50,3.060960749999822
"pop=100,gen=50,mut=0.1",100,50,0.1,0.1,1,30,0.8160114842398133,50,2.312858292000101
"pop=100,gen=50,mut=0.1",100,50,0.1,0.1,1,31,0.8071113075021445,50,2.785416291000047
"pop=100,gen=50,mut=0.1",100,50,0.1,0.1,1,32,0.8004702061015945,50,3.1305703339999127
"pop=100,gen=50,mut=0.1",100,50,0.1,0.1,1,33,0.8222945233687332,50,2.5938845410000795
"pop=100,gen=50,mut=0.1",100,50,0.1,0.1,1,34,0.8175097554531408,50,2.7471785829998225
"pop=100,gen=50,mut=0.1",100,50,0.1,0.1,1,35,0.8439748692925293,50,3.0544439580000926
"pop=100,gen=50,mut=0.1",100,50,0.1,0.1,2,0,0.9,50,3.0233969169999
"pop=100,gen=50,mut=0.1",100,50,0.1,0.1,2,1,0.9,50,2.855940165999982
"pop=100,gen=50,mut=0.1",100,50,0.1,0.1,2,2,0.812574717618155,50,2.5157787499999813
"pop=100,gen=50,mut=0.1",100,50,0.1,0.1,2,3,0.82848318103118,50,2.6527326249999987
"pop=100,gen=50,mut=0.1",100,50,0.1,0.1,2,4,0.818704840550139,50,2.7163282090000394
"pop=100,gen=50,mut=0.1",100,50,0.1,0.1,2,5,0.8019800542132041,50,2.612707791000048
"pop=100,gen=50,mut=0.1",100,50,0.1,0.1,2,6,0.8228710879531013,50,2.8387997909999285
"pop=100,gen=50,mut=0.1",100,50,0.1,0.1,2,7,0.8159533052103718,50,2.77852208399986
"pop=100,gen=50,mut=0.1",100,50,0.1,0.1,2,8,0.8125276205256162,50,2.630879167000103
"pop=100,gen=50,mut=0.1",100,50,0.1,0.1,2,9,0.9,50,2.964500790999864
"pop=100,gen=50,mut=0.1",100,50,0.1,0.1,2,10,0.9,50,2.900034999999889
"pop=100,gen=50,mut=0.1",100,50,0.1,0.1,2,11,0.8474174335391842,50,3.1319093750000775
"pop=100,gen=50,mut=0.1",100,50,0.1,0.1,2,12,0.8697510046540777,50,3.01660691699999
"pop=100,gen=50,mut=0.1",100,50,0.1,0.1,2,13,0.8156965078655962,50,2.3647845000000416
"pop=100,gen=50,mut=0.1",100,50,0.1,0.1,2,14,0.8317682744456425,50,2.666589791999968
"pop=100,gen=50,mut=0.1",100,50,0.1,0.1,2,15,0.8281541449923581,50,2.68343741700005
"pop=100,gen=50,mut=0.1",100,50,0.1,0.1,2,16,0.9,50,2.9008562500000608
"pop=100,gen=50,mut=0.1",100,50,0.1,0.1,2,17,0.9,50,2.929601208000122
"pop=100,gen=50,mut=0.1",100,50,0.1,0.1,2,18,0.8448065881062103,50,2.6935032920000594
"pop=100,gen=50,mut=0.1",100,50,0.1,0.1,2,19,0.8588993795015546,50,2.894077624999909
"pop=100,gen=50,mut=0.1",100,50,0.1,0.1,2,20,0.8016104299284439,50,2.664904958000079
"pop=100,gen=50,mut=0.1",100,50,0.1,0.1,2,21,0.8005937296831347,50,2.920827665999923
"pop=100,gen=50,mut=0.1",100,50,0.1,0.1,2,22,0.8038875856845935,50,2.826431791999994
"pop=100,gen=50,mut=0.1",100,50,0.1,0.1,2,23,0.8452284089747463,50,2.543948042000011
"pop=100,gen=50,mut=0.1",100,50,0.1,0.1,2,24,0.8484935697090137,50,2.4297416660001545
"pop=100,gen=50,mut=0.1",100,50,0.1,0.1,2,25,0.8535009559148762,50,2.7289221659998475
"pop=100,gen=50,mut=0.1",100,50,0.1,0.1,2,26,0.9,50,2.985256124999978
"pop=100,gen=50,mut=0.1",100,50,0.1,0.1,2,27,0.8475611395616388,50,2.9560040839999147
"pop=100,gen=50,mut=0.1",100,50,0.1,0.1,2,28,0.8311487104285691,50,3.0102692919999754
"pop=100,gen=50,mut=0.1",100,50,0.1,0.1,2,29,0.8571392347510662,50,2.82850954200012
"pop=100,gen=50,mut=0.1",100,50,0.1,0.1,2,30,0.8183453804940202,50,2.3491030000000137
"pop=100,gen=50,mut=0.1",100,50,0.1,0.1,2,31,0.8064105133886843,50,2.3280374170001323
"pop=100,gen=50,mut=0.1",100,50,0.1,0.1,2,32,0.8018808590665936,50,3.0505885410000246
"pop=100,gen=50,mut=0.1",100,50,0.1,0.1,2,33,0.8237900154123123,50,2.293747458000098
"pop=100,gen=50,mut=0.1",100,50,0.1,0.1,2,34,0.8175607766823808,50,2.622971916999859
"pop=100,gen=50,mut=0.1",100,50,0.1,0.1,2,35,0.8433391339433275,50,3.0432070829999702
"pop=100,gen=70,mut=0.05",100,70,0.05,0.1,0,0,0.9,18,1.690481125000133
"pop=100,gen=70,mut=0.05",100,70,0.05,0.1,0,1,0.9,18,1.6977900419999514
"pop=100,gen=70,mut=0.05",100,70,0.05,0.1,0,2,0.8125719640330125,44,2.1921320000001288
"pop=100,gen=70,mut=0.05",100,70,0.05,0.1,0,3,0.8274262597109104,70,3.051376459000039
"pop=100,gen=70,mut=0.05",100,70,0.05,0.1,0,4,0.8187082726245051,35,2.0586547499999597
"pop=100,gen=70,mut=0.05",100,70,0.05,0.1,0,5,0.8006074555464536,27,2.060547874999884
"pop=100,gen=70,mut=0.05",100,70,0.05,0.1,0,6,0.8210375131235468,22,1.926297292000072
"pop=100,gen=70,mut=0.05",100,70,0.05,0.1,0,7,0.8159300281242848,23,1.9022754580000765
"pop=100,gen=70,mut=0.05",100,70,0.05,0.1,0,8,0.8120113157199844,37,2.428128875000084
"pop=100,gen=70,mut=0.05",100,70,0.05,0.1,0,9,0.9,18,1.6929161250000107
"pop=100,gen=70,mut=0.05",100,70,0.05,0.1,0,10,0.9,18,1.6996529579998878
"pop=100,gen=70,mut=0.05",100,70,0.05,0.1,0,11,0.8477907310036352,70,3.411526374999994
"pop=100,gen=70,mut=0.05",100,70,0.05,0.1,0,12,0.8691932381440131,18,1.7987990839999384
"pop=100,gen=70,mut=0.05",100,70,0.05,0.1,0,13,0.8136986868776738,43,2.070346875000041
"pop=100,gen=70,mut=0.05",100,70,0.05,0.1,0,14,0.8322381074606546,29,2.1544045410000763
"pop=100,gen=70,mut=0.05",100,70,0.05,0.1,0,15,0.8283103931166501,21,1.824967832999846
"pop=100,gen=70,mut=0.05",100,70,0.05,0.1,0,16,0.9,18,1.6598850000000311
"pop=100,gen=70,mut=0.05",100,70,0.05,0.1,0,17,0.9,18,1.7446244160000788
"pop=100,gen=70,mut=0.05",100,70,0.05,0.1,0,18,0.8445561688195349,54,2.58717108299993
"pop=100,gen=70,mut=0.05",100,70,0.05,0.1,0,19,0.8582554789680134,27,1.9468160000001262
"pop=100,gen=70,mut=0.05",100,70,0.05,0.1,0,20,0.8008387325861372,31,2.1879272499998024
"pop=100,gen=70,mut=0.05",100,70,0.05,0.1,0,21,0.8006701478779089,30,2.1592629579999993
"pop=100,gen=70,mut=0.05",100,70,0.05,0.1,0,22,0.8019093565509475,44,2.555499707999843
"pop=100,gen=70,mut=0.05",100,70,0.05,0.1,0,23,0.8435836171567334,69,2.396290791999945
"pop=100,gen=70,mut=0.05",100,70,0.05,0.1,0,24,0.8489115265073349,47,2.191123083000093
"pop=100,gen=70,mut=0.05",100,70,0.05,0.1,0,25,0.859028771601539,70,3.0579680419998567
"pop=100,gen=70,mut=0.05",100,70,0.05,0.1,0,26,0.9,18,1.7787810830000126
"pop=100,gen=70,mut=0.05",100,70,0.05,0.1,0,27,0.8445354923783859,40,2.611204999999927
"pop=100,gen=70,mut=0.05",100,70,0.05,0.1,0,28,0.8307451809623237,46,2.3978250830000434
"pop=100,gen=70,mut=0.05",100,70,0.05,0.1,0,29,0.8565978391044404,26,1.9933410000001004
"pop=100,gen=70,mut=0.05",100,70,0.05,0.1,0,30,0.817565430801229,37,2.144999124999913
"pop=100,gen=70,mut=0.05",100,70,0.05,0.1,0,31,0.8065287702778612,21,1.8307134580002185
"pop=100,gen=70,mut=0.05",100,70,0.05,0.1,0,32,0.8021021634875829,45,2.5814929589998883
"pop=100,gen=70,mut=0.05",100,70,0.05,0.1,0,33,0.8218477131619644,48,2.0465222919999633
"pop=100,gen=70,mut=0.05",100,70,0.05,0.1,0,34,0.8177709687283122,27,1.9385665419999896
"pop=100,gen=70,mut=0.05",100,70,0.05,0.1,0,35,0.8445399702970366,28,2.1541351659998327
"pop=100,gen=70,mut=0.05",100,70,0.05,0.1,1,0,0.9,18,1.7117782079999415
"pop=100,gen=70,mut=0.05",100,70,0.05,0.1,1,1,0.9,18,1.6989102499999262
"pop=100,gen=70,mut=0.05",100,70,0.05,0.1,1,2,0.8113482037925424,63,2.507513791999827
"pop=100,gen=70,mut=0.05",100,70,0.05,0.1,1,3,0.8270083803237935,70,2.6594325000000936
"pop=100,gen=70,mut=0.05",100,70,0.05,0.1,1,4,0.8178676964926219,38,2.256639875000019
"pop=100,gen=70,mut=0.05",100,70,0.05,0.1,1,5,0.8023905225655164,22,1.8539432079999187
"pop=100,gen=70,mut=0.05",100,70,0.05,0.1,1,6,0.8222125292227416,37,2.5764343749999625
"pop=100,gen=70,mut=0.05",100,70,0.05,0.1,1,7,0.8164142172829585,33,2.1631188329999986
"pop=100,gen=70,mut=0.05",100,70,0.05,0.1,1,8,0.8117595238399133,18,1.7646697090001453
"pop=100,gen=70,mut=0.05",100,70,0.05,0.1,1,9,0.9,18,1.738839124999913
"pop=100,gen=70,mut=0.05",100,70,0.05,0.1,1,10,0.9,18,1.8507402499999444
"pop=100,gen=70,mut=0.05",100,70,0.05,0.1,1,11,0.8468208989360677,70,3.3337346250000337
"pop=100,gen=70,mut=0.05",100,70,0.05,0.1,1,12,0.8699902763231673,70,3.0636224580000544
"pop=100,gen=70,mut=0.05",100,70,0.05,0.1,1,13,0.8157863492280836,30,1.8332724159999998
"pop=100,gen=70,mut=0.05",100,70,0.05,0.1,1,14,0.8308051507558765,21,1.7974798749999081
"pop=100,gen=70,mut=0.05",100,70,0.05,0.1,1,15,0.8285220538317385,25,1.958662792000041
"pop=100,gen=70,mut=0.05",100,70,0.05,0.1,1,16,0.9,18,1.7229484169999978
"pop=100,gen=70,mut=0.05",100,70,0.05,0.1,1,17,0.9,18,1.739126083000201
"pop=100,gen=70,mut=0.05",100,70,0.05,0.1,1,18,0.8447159993403963,53,2.7191056669998943
"pop=100,gen=70,mut=0.05",100,70,0.05,0.1,1,19,0.8582041111961151,50,2.4284718339999927
"pop=100,gen=70,mut=0.05",100,70,0.05,0.1,1,20,0.8014500785799649,70,2.981690958000172
"pop=100,gen=70,mut=0.05",100,70,0.05,0.1,1,21,0.8000116917101938,18,1.7399479159998918
"pop=100,gen=70,mut=0.05",100,70,0.05,0.1,1,22,0.8022746126044991,57,2.6763934999999037
"pop=100,gen=70,mut=0.05",100,70,0.05,0.1,1,23,0.8422680191873261,70,2.751022292000016
"pop=100,gen=70,mut=0.05",100,70,0.05,0.1,1,24,0.8467584772365888,57,2.2581857499999387
"pop=100,gen=70,mut=0.05",100,70,0.05,0.1,1,25,0.8587947693681944,70,3.176420083000039
"pop=100,gen=70,mut=0.05",100,70,0.05,0.1,1,26,0.9,18,1.7263571660000707
"pop=100,gen=70,mut=0.05",100,70,0.05,0.1,1,27,0.8437832357906687,24,2.0445123750000675
"pop=100,gen=70,mut=0.05",100,70,0.05,0.1,1,28,0.8300354915027274,41,2.56008583300013
"pop=100,gen=70,mut=0.05",100,70,0.05,0.1,1,29,0.8568717341387384,39,2.3070256669998344
"pop=100,gen=70,mut=0.05",100,70,0.05,0.1,1,30,0.8180817325700471,46,2.281924083000149
"pop=100,gen=70,mut=0.05",100,70,0.05,0.1,1,31,0.8058393238284665,70,2.713287374999936
"pop=100,gen=70,mut=0.05",100,70,0.05,0.1,1,32,0.8,18,1.7926449169999614
"pop=100,gen=70,mut=0.05",100,70,0.05,0.1,1,33,0.8219872215523483,25,1.8080589999999575
"pop=100,gen=70,mut=0.05",100,70,0.05,0.1,1,34,0.8173186896546223,20,1.7609640000000581
"pop=100,gen=70,mut=0.05",100,70,0.05,0.1,1,35,0.8428793534351153,27,2.131185917000039
"pop=100,gen=70,mut=0.05",100,70,0.05,0.1,2,0,0.9,18,1.7076252920001025
"pop=100,gen=70,mut=0.05",100,70,0.05,0.1,2,1,0.9,18,1.745359457999939
"pop=100,gen=70,mut=0.05",100,70,0.05,0.1,2,2,0.8135189525949518,36,2.3272132919998967
"pop=100,gen=70,mut=0.05",100,70,0.05,0.1,2,3,0.8285844139801904,70,2.5660872500000096
"pop=100,gen=70,mut=0.05",100,70,0.05,0.1,2,4,0.8187831857048382,70,2.8666977089999364
"pop=100,gen=70,mut=0.05",100,70,0.05,0.1,2,5,0.8018693460399439,42,2.3324443750000228
"pop=100,gen=70,mut=0.05",100,70,0.05,0.1,2,6,0.8212124587358222,27,2.1461717919999046
"pop=100,gen=70,mut=0.05",100,70,0.05,0.1,2,7,0.8154651225689176,26,2.0066982089999783
"pop=100,gen=70,mut=0.05",100,70,0.05,0.1,2,8,0.8127500669446185,18,1.6084471249998842
"pop=100,gen=70,mut=0.05",100,70,0.05,0.1,2,9,0.9,18,1.7320608329998777
"pop=100,gen=70,mut=0.05",100,70,0.05,0.1,2,10,0.9,18,1.7390562089999548
"pop=100,gen=70,mut=0.05",100,70,0.05,0.1,2,11,0.8482240485649356,70,3.249955292000095
"pop=100,gen=70,mut=0.05",100,70,0.05,0.1,2,12,0.8701268360277995,47,2.563218334000112
"pop=100,gen=70,mut=0.05",100,70,0.05,0.1,2,13,0.8171442387396715,40,1.8272300000000996
"pop=100,gen=70,mut=0.05",100,70,0.05,0.1,2,14,0.831390396484412,44,2.463715165999929
"pop=100,gen=70,mut=0.05",100,70,0.05,0.1,2,15,0.8279789889202811,24,1.9842895409999528
"pop=100,gen=70,mut=0.05",100,70,0.05,0.1,2,16,0.9,18,1.6973457920000783
"pop=100,gen=70,mut=0.05",100,70,0.05,0.1,2,17,0.9,18,1.7401719160000084
"pop=100,gen=70,mut=0.05",100,70,0.05,0.1,2,18,0.844981320183255,30,2.138560790999918
"pop=100,gen=70,mut=0.05",100,70,0.05,0.1,2,19,0.8583157751723733,46,2.476713041000039
"pop=100,gen=70,mut=0.05",100,70,0.05,0.1,2,20,0.8,18,1.7489161250000507
"pop=100,gen=70,mut=0.05",100,70,0.05,0.1,2,21,0.8000144598507434,24,1.9915736670000115
"pop=100,gen=70,mut=0.05",100,70,0.05,0.1,2,22,0.8037472180471639,45,2.561040000000048
"pop=100,gen=70,mut=0.05",100,70,0.05,0.1,2,23,0.8450322592434623,70,2.686259125000106
"pop=100,gen=70,mut=0.05",100,70,0.05,0.1,2,24,0.8477072905327496,41,2.146065292000003
"pop=100,gen=70,mut=0.05",100,70,0.05,0.1,2,25,0.8499612169708155,22,1.7755172080001103
"pop=100,gen=70,mut=0.05",100,70,0.05,0.1,2,26,0.9,18,1.7279306660000202
"pop=100,gen=70,mut=0.05",100,70,0.05,0.1,2,27,0.8469359242756614,31,2.169467584000131
"pop=100,gen=70,mut=0.05",100,70,0.05,0.1,2,28,0.8321191755075678,35,2.209685249999893
"pop=100,gen=70,mut=0.05",100,70,0.05,0.1,2,29,0.8575582791834676,28,2.101999167000031
"pop=100,gen=70,mut=0.05",100,70,0.05,0.1,2,30,0.817463179715898,39,2.1350056669998594
"pop=100,gen=70,mut=0.05",100,70,0.05,0.1,2,31,0.8067314293264869,39,2.137712332999854
"pop=100,gen=70,mut=0.05",100,70,0.05,0.1,2,32,0.8,18,1.721529000000146
"pop=100,gen=70,mut=0.05",100,70,0.05,0.1,2,33,0.8226206850767058,28,1.8632639170000402
"pop=100,gen=70,mut=0.05",100,70,0.05,0.1,2,34,0.8178782549184906,22,1.7912587910000184
"pop=100,gen=70,mut=0.05",100,70,0.05,0.1,2,35,0.8429511972195599,30,2.196043624999902
"pop=150,gen=50,mut=0.05",150,50,0.05,0.1,0,0,0.9,18,2.018372083000031
"pop=150,gen=50,mut=0.05",150,50,0.05,0.1,0,1,0.9,18,2.059212916000206
"pop=150,gen=50,mut=0.05",150,50,0.05,0.1,0,2,0.8115708201673857,45,3.083278749999863
"pop=150,gen=50,mut=0.05",150,50,0.05,0.1,0,3,0.827968271623016,50,3.1158171250001487
"pop=150,gen=50,mut=0.05",150,50,0.05,0.1,0,4,0.8182938100660437,41,3.222833208999873
"pop=150,gen=50,mut=0.05",150,50,0.05,0.1,0,5,0.8019797055190852,24,2.3450079579999965
"pop=150,gen=50,mut=0.05",150,50,0.05,0.1,0,6,0.8208704504139644,27,2.5071318749999136
"pop=150,gen=50,mut=0.05",150,50,0.05,0.1,0,7,0.8170955088977878,36,2.781698416999916
"pop=150,gen=50,mut=0.05",150,50,0.05,0.1,0,8,0.8119108378062553,20,2.284812749999901
"pop=150,gen=50,mut=0.05",150,50,0.05,0.1,0,9,0.9,18,2.1041919580000013
"pop=150,gen=50,mut=0.05",150,50,0.05,0.1,0,10,0.9,18,2.0342895000001135
"pop=150,gen=50,mut=0.05",150,50,0.05,0.1,0,11,0.8474653027713279,50,3.725990333000027
"pop=150,gen=50,mut=0.05",150,50,0.05,0.1,0,12,0.8699802106387845,42,3.412174084000071
"pop=150,gen=50,mut=0.05",150,50,0.05,0.1,0,13,0.8126469181833836,25,2.224505249999993
"pop=150,gen=50,mut=0.05",150,50,0.05,0.1,0,14,0.8329509791469174,45,3.264911624999968
"pop=150,gen=50,mut=0.05",150,50,0.05,0.1,0,15,0.8291257930536209,28,2.4538312920001317
"pop=150,gen=50,mut=0.05",150,50,0.05,0.1,0,16,0.9,18,1.9947810000001027
"pop=150,gen=50,mut=0.05",150,50,0.05,0.1,0,17,0.9,18,2.115009500000042
"pop=150,gen=50,mut=0.05",150,50,0.05,0.1,0,18,0.8447632571161536,34,2.871738166000114
"pop=150,gen=50,mut=0.05",150,50,0.05,0.1,0,19,0.8578940145670966,42,3.3225850840001385
"pop=150,gen=50,mut=0.05",150,50,0.05,0.1,0,20,0.8013353394057219,49,3.8300586249999924
"pop=150,gen=50,mut=0.05",150,50,0.05,0.1,0,21,0.8002742062542205,18,2.1109919169998648
"pop=150,gen=50,mut=0.05",150,50,0.05,0.1,0,22,0.8036703055234677,50,3.2307951669999966
"pop=150,gen=50,mut=0.05",150,50,0.05,0.1,0,23,0.842207849128693,50,3.014198583000052
"pop=150,gen=50,mut=0.05",150,50,0.05,0.1,0,24,0.8499333613503897,50,3.137587124999982
"pop=150,gen=50,mut=0.05",150,50,0.05,0.1,0,25,0.855910735215282,50,3.2740970840000045
"pop=150,gen=50,mut=0.05",150,50,0.05,0.1,0,26,0.9,18,2.08444770899996
"pop=150,gen=50,mut=0.05",150,50,0.05,0.1,0,27,0.8453383512073208,39,3.110414750000018
"pop=150,gen=50,mut=0.05",150,50,0.05,0.1,0,28,0.8307147827791994,28,2.7201676669999415
"pop=150,gen=50,mut=0.05",150,50,0.05,0.1,0,29,0.8572206399630635,33,2.8133162920000814
"pop=150,gen=50,mut=0.05",150,50,0.05,0.1,0,30,0.8173234208928698,50,2.5665028329999586
"pop=150,gen=50,mut=0.05",150,50,0.05,0.1,0,31,0.8077917594751052,41,2.807053958000097
"pop=150,gen=50,mut=0.05",150,50,0.05,0.1,0,32,0.8015746481135049,22,2.392996250000124
"pop=150,gen=50,mut=0.05",150,50,0.05,0.1,0,33,0.8239721455885827,50,2.6684467910001786
"pop=150,gen=50,mut=0.05",150,50,0.05,0.1,0,34,0.8178185093043282,27,2.353740791999826
"pop=150,gen=50,mut=0.05",150,50,0.05,0.1,0,35,0.8417301519369369,18,2.2191562079999585
"pop=150,gen=50,mut=0.05",150,50,0.05,0.1,1,0,0.9,18,2.1034959579999395
"pop=150,gen=50,mut=0.05",150,50,0.05,0.1,1,1,0.9,18,2.0741919580000285
"pop=150,gen=50,mut=0.05",150,50,0.05,0.1,1,2,0.8125636690339869,44,2.780051374999857
"pop=150,gen=50,mut=0.05",150,50,0.05,0.1,1,3,0.8285135600495561,50,2.857905999999957
"pop=150,gen=50,mut=0.05",150,50,0.05,0.1,1,4,0.8185574436923145,34,2.5706112499999563
"pop=150,gen=50,mut=0.05",150,50,0.05,0.1,1,5,0.8017936086428429,35,2.5474502499998835
"pop=150,gen=50,mut=0.05",150,50,0.05,0.1,1,6,0.8222644804317083,48,3.4461672089998956
"pop=150,gen=50,mut=0.05",150,50,0.05,0.1,1,7,0.8174037092605565,28,2.6068502090001857
"pop=150,gen=50,mut=0.05",150,50,0.05,0.1,1,8,0.8118334536866879,24,2.397975666000093
"pop=150,gen=50,mut=0.05",150,50,0.05,0.1,1,9,0.9,18,2.0673492910000277
"pop=150,gen=50,mut=0.05",150,50,0.05,0.1,1,10,0.9,18,2.0213040840001213
"pop=150,gen=50,mut=0.05",150,50,0.05,0.1,1,11,0.8479011943381157,43,3.4536259999999857
"pop=150,gen=50,mut=0.05",150,50,0.05,0.1,1,12,0.8702201026202387,28,2.648449625000012
"pop=150,gen=50,mut=0.05",150,50,0.05,0.1,1,13,0.816943033687039,50,2.76346079200016
"pop=150,gen=50,mut=0.05",150,50,0.05,0.1,1,14,0.8327361503239383,50,3.236009124999782
"pop=150,gen=50,mut=0.05",150,50,0.05,0.1,1,15,0.8276007304854593,34,2.6278322919999937
"pop=150,gen=50,mut=0.05",150,50,0.05,0.1,1,16,0.9,18,2.003383499999927
"pop=150,gen=50,mut=0.05",150,50,0.05,0.1,1,17,0.9,18,2.085903916999996
"pop=150,gen=50,mut=0.05",150,50,0.05,0.1,1,18,0.8443566578151946,50,3.5363005420001627
"pop=150,gen=50,mut=0.05",150,50,0.05,0.1,1,19,0.8579179508329249,35,2.775504417000093
"pop=150,gen=50,mut=0.05",150,50,0.05,0.1,1,20,0.8012764615954319,41,3.1855357499998718
"pop=150,gen=50,mut=0.05",150,50,0.05,0.1,1,21,0.8007348476254702,50,3.8282182499999635
"pop=150,gen=50,mut=0.05",150,50,0.05,0.1,1,22,0.8035176040549581,50,3.4657373749998897
"pop=150,gen=50,mut=0.05",150,50,0.05,0.1,1,23,0.8462269056822725,50,2.587332874999902
"pop=150,gen=50,mut=0.05",150,50,0.05,0.1,1,24,0.8484706343016706,50,3.041778375000149
"pop=150,gen=50,mut=0.05",150,50,0.05,0.1,1,25,0.8540901765084309,21,2.0884561249999933
"pop=150,gen=50,mut=0.05",150,50,0.05,0.1,1,26,0.9,18,2.056701125000018
"pop=150,gen=50,mut=0.05",150,50,0.05,0.1,1,27,0.8436023037639215,36,3.109311625000146
"pop=150,gen=50,mut=0.05",150,50,0.05,0.1,1,28,0.8316530969228113,50,3.564252083000156
"pop=150,gen=50,mut=0.05",150,50,0.05,0.1,1,29,0.857419657289906,46,3.429404624999961
"pop=150,gen=50,mut=0.05",150,50,0.05,0.1,1,30,0.8171185009022965,47,2.831178832999967
"pop=150,gen=50,mut=0.05",150,50,0.05,0.1,1,31,0.8069665851541007,26,2.3893780420000894
"pop=150,gen=50,mut=0.05",150,50,0.05,0.1,1,32,0.8001977654306397,21,2.322460500000034
"pop=150,gen=50,mut=0.05",150,50,0.05,0.1,1,33,0.8222953922900675,49,2.5571532500000558
"pop=150,gen=50,mut=0.05",150,50,0.05,0.1,1,34,0.8176868237503034,19,2.0776566669999283
"pop=150,gen=50,mut=0.05",150,50,0.05,0.1,1,35,0.8426786315603599,20,2.2850121670001045
"pop=150,gen=50,mut=0.05",150,50,0.05,0.1,2,0,0.9,18,2.0216583339999943
"pop=150,gen=50,mut=0.05",150,50,0.05,0.1,2,1,0.9,18,2.057191542000055
"pop=150,gen=50,mut=0.05",150,50,0.05,0.1,2,2,0.8119386551633839,45,2.912962708000123
"pop=150,gen=50,mut=0.05",150,50,0.05,0.1,2,3,0.8279758104717383,50,3.337099999999964
"pop=150,gen=50,mut=0.05",150,50,0.05,0.1,2,4,0.8187032461740866,50,3.442114332999836
"pop=150,gen=50,mut=0.05",150,50,0.05,0.1,2,5,0.8004901387833679,33,2.8804771249999703
"pop=150,gen=50,mut=0.05",150,50,0.05,0.1,2,6,0.8232119318318379,50,3.5516564160000144
"pop=150,gen=50,mut=0.05",150,50,0.05,0.1,2,7,0.8158007987070107,34,2.5125107500000468
"pop=150,gen=50,mut=0.05",150,50,0.05,0.1,2,8,0.8117577615561395,50,3.5718022499997915
"pop=150,gen=50,mut=0.05",150,50,0.05,0.1,2,9,0.9,18,2.0841276250000647
"pop=150,gen=50,mut=0.05",150,50,0.05,0.1,2,10,0.9,18,2.042680125000061
"pop=150,gen=50,mut=0.05",150,50,0.05,0.1,2,11,0.8481465839398129,50,4.037475249999943
"pop=150,gen=50,mut=0.05",150,50,0.05,0.1,2,12,0.8701036227292344,41,3.404546208000056
"pop=150,gen=50,mut=0.05",150,50,0.05,0.1,2,13,0.8155473891520708,36,2.419528041999911
"pop=150,gen=50,mut=0.05",150,50,0.05,0.1,2,14,0.8316052088510257,28,2.543935749999946
"pop=150,gen=50,mut=0.05",150,50,0.05,0.1,2,15,0.8283372960748623,24,2.4277542919999178
"pop=150,gen=50,mut=0.05",150,50,0.05,0.1,2,16,0.9,18,2.1960283329999584
"pop=150,gen=50,mut=0.05",150,50,0.05,0.1,2,17,0.9,18,2.1113723339999524
"pop=150,gen=50,mut=0.05",150,50,0.05,0.1,2,18,0.842965303233548,28,2.7024619170001642
"pop=150,gen=50,mut=0.05",150,50,0.05,0.1,2,19,0.8586690380226152,50,3.592280874999915
"pop=150,gen=50,mut=0.05",150,50,0.05,0.1,2,20,0.8008885290501312,48,3.5964855830000033
"pop=150,gen=50,mut=0.05",150,50,0.05,0.1,2,21,0.8002938151274299,18,2.1452929999998105
"pop=150,gen=50,mut=0.05",150,50,0.05,0.1,2,22,0.802814375697733,50,3.508299916999931
"pop=150,gen=50,mut=0.05",150,50,0.05,0.1,2,23,0.845465517549406,50,2.909616625000126
"pop=150,gen=50,mut=0.05",150,50,0.05,0.1,2,24,0.8490661407586736,44,2.894607124999993
"pop=150,gen=50,mut=0.05",150,50,0.05,0.1,2,25,0.8493996551018278,50,3.096507499999916
"pop=150,gen=50,mut=0.05",150,50,0.05,0.1,2,26,0.9,18,2.2074249160000363
"pop=150,gen=50,mut=0.05",150,50,0.05,0.1,2,27,0.8459022683762037,44,3.4051579590000074
"pop=150,gen=50,mut=0.05",150,50,0.05,0.1,2,28,0.8306319609542447,38,3.1424551249999695
"pop=150,gen=50,mut=0.05",150,50,0.05,0.1,2,29,0.856205068718508,26,2.5894443749998572
"pop=150,gen=50,mut=0.05",150,50,0.05,0.1,2,30,0.8161299957884844,42,3.2058906659999593
"pop=150,gen=50,mut=0.05",150,50,0.05,0.1,2,31,0.8064375073378426,24,2.5952719160000015
"pop=150,gen=50,mut=0.05",150,50,0.05,0.1,2,32,0.8,18,2.110005084000022
"pop=150,gen=50,mut=0.05",150,50,0.05,0.1,2,33,0.8223559460293828,38,2.393712583000024
"pop=150,gen=50,mut=0.05",150,50,0.05,0.1,2,34,0.8178598995730697,48,3.313919541999894
"pop=150,gen=50,mut=0.05",150,50,0.05,0.1,2,35,0.8433368667948038,18,2.206449125000063
