date,close_afran,close_yaghoot,close_goldMofid,close_nahal,close_sahar,close_agas,close_sarv,close_atlas
2021-02-13,12663,11878,31124.36,9865.96,10908.05,69174.34,6360.23,20902.53
2021-02-14,12670,11885,30422.25,9865.96,10460.16,67565.87,6227.35,20681.29
2021-02-15,12679,11889,29835.98,9442.51,9787.82,66848.65,6194.58,20439.37
2021-02-16,12699,11899,30236.31,9003.23,9680.08,65842.73,6099.01,20134.64
2021-02-17,12711,11909,30045.29,9003.23,9772.85,66009.71,6114.49,19921.05
2021-02-20,12727,11920,29032.26,9003.23,9539.43,65434.32,6005.27,19498.34
2021-02-21,12737,11933,28417.54,9003.23,9150.39,63808.75,5829.6,19225.22
2021-02-22,12743,11936,28592.3,9003.23,9087.55,62962.77,5715.83,18785.31
2021-02-23,12754,11938,28675.62,9003.23,9283.07,64643.66,5923.35,19277.0
2021-02-24,12763,11943,28933.7,9003.23,9405.76,65284.44,5958.85,19530.15
2021-02-27,12780,11966,28497.81,8940.9,9478.58,63078.45,5737.68,19228.1
2021-02-28,12778,11985,28347.43,9003.23,9469.6,62272.7,5642.11,19028.52
2021-03-01,12788,11988,28557.76,9353.47,9501.53,63494.9,5818.68,19291.91
2021-03-02,12799,11981,28042.61,9319.83,9481.57,64171.89,5929.72,19554.4
2021-03-03,12810,11993,28132.02,9407.88,9465.61,62794.78,5781.37,19498.64
2021-03-06,12822,12011,26675.99,9515.72,9589.31,61917.61,5729.49,19168.17
2021-03-07,12823,12010,26597.75,9688.86,9688.06,63035.19,5828.69,19581.23
2021-03-08,12830,12010,26678.02,9519.68,9628.21,64751.3,6023.47,20031.87
2021-03-09,12833,12019,26443.31,9344.56,9555.39,65392.07,6075.35,20615.89
2021-03-10,12845,12027,26712.57,9300.04,9509.51,65094.32,5967.04,20356.08
2021-03-13,12866,12043,27419.76,9219.9,9515.49,66594.15,6125.41,20905.51
2021-03-14,12882,12049,27509.17,9321.81,9506.51,67497.47,6182.75,20976.68
2021-03-15,12889,12062,27021.45,9380.18,9519.48,67977.3,6229.17,20818.45
2021-03-16,12892,12062,27538.64,9348.52,9529.46,71251.58,6458.53,21435.66
2021-03-17,12915,12082,27860.73,9293.12,9737.94,72678.98,6568.66,21718.73
2021-03-27,12971,12142,27996.88,9291.14,9685.07,73165.85,6604.15,21692.69
2021-03-28,12980,12150,28591.29,9204.07,9729.96,72551.23,6590.5,21497.08
2021-03-30,12991,12168,28492.73,9185.27,9668.11,72112.65,6566.84,21656.31
2021-03-31,13001,12173,28465.29,9195.17,9616.24,70960.86,6472.18,21432.88
2021-04-03,13016,12178,27465.48,9194.18,9551.4,69523.4,6256.47,21174.46
2021-04-04,13022,12190,27475.64,9184.28,9493.55,67932.03,6057.15,20777.4
2021-04-05,13026,12205,27470.56,9193.19,9460.63,68903.75,6197.31,20938.41
2021-04-06,13036,12196,27549.81,9197.15,9440.68,68845.41,6269.21,21071.3
2021-04-07,13042,12202,27490.88,9241.67,9433.69,66932.14,6106.29,20742.11
2021-04-10,13056,12222,26759.31,9193.19,9410.75,64766.39,5987.06,20447.12
2021-04-11,13064,12242,26558.12,9206.05,9382.82,64503.84,6014.37,20339.18
2021-04-12,13077,12245,26799.95,9714.58,9679.09,65513.79,6083.54,20448.71
2021-04-13,13078,12251,26612.99,10149.91,9936.45,67739.9,6250.1,20969.92
2021-04-14,13083,12248,26870.06,10448.69,9971.36,67087.05,6126.32,20673.73
2021-04-17,13109,12267,26915.78,10265.66,9995.31,64695.97,5919.71,20405.18
2021-04-18,13118,12282,26574.38,10087.58,9795.8,62944.66,5719.47,20269.31
2021-04-19,13132,12292,26066.35,10456.61,9920.49,64577.27,5856.91,20208.78
2021-04-20,13141,12292,25451.62,10751.44,10043.19,65959.41,5899.69,20320.9
2021-04-21,13147,12305,25556.28,10650.53,9984.33,64253.37,5801.39,20133.65
2021-04-24,13161,12307,25306.32,10427.92,9838.69,63761.47,5750.42,19902.26
2021-04-25,13166,12327,25659.92,10000.51,9679.09,62529.21,5647.57,19682.51
2021-04-26,13172,12326,25309.37,9775.93,9568.36,63842.95,5749.51,19902.66
2021-04-27,13179,12308,25260.6,9709.64,9577.34,65419.23,5880.57,20218.13
2021-04-28,13186,12313,25306.32,9445.48,9508.51,66231.01,5907.88,20365.03
2021-05-01,13208,12346,24596.09,9269.37,9420.72,64773.43,5778.64,20003.05
2021-05-02,13220,12355,23963.07,9090.3,9162.36,63438.57,5675.79,19729.52
2021-05-03,13234,12351,23999.65,8917.16,9039.67,63033.18,5616.63,19518.52
2021-05-05,13248,12361,23460.12,8945.85,8975.82,63697.09,5658.49,19635.4
2021-05-08,13274,12344,24118.53,8913.2,8896.02,62647.91,5520.15,19629.04
2021-05-09,13285,12350,24369.5,8739.07,8677.56,61494.12,5435.5,19104.75
2021-05-10,13287,12350,25415.04,8809.32,8619.7,62681.11,5536.53,19001.79
2021-05-11,13287,12351,26050.09,8839.0,8444.14,64385.14,5713.1,19400.64
2021-05-12,13294,12353,25905.81,8698.51,8385.28,64308.69,5747.69,19632.42
2021-05-15,13313,12355,26519.51,8653.98,8418.2,64975.62,5784.1,19867.28
2021-05-16,13321,12355,26547.96,8540.21,8399.25,64716.09,5797.75,19882.29
2021-05-17,13328,12355,25788.96,8617.38,8402.24,63598.51,5719.47,19727.44
2021-05-18,13342,12356,26306.14,8469.96,8409.22,64282.54,5660.31,19702.29
2021-05-19,13343,12358,25588.79,8551.09,8292.51,62902.41,5479.19,19457.19
2021-05-22,13355,12368,25546.12,8387.85,8240.64,61603.76,5298.07,19079.41
2021-05-23,13366,12370,25856.02,8466.99,8108.97,60318.19,5099.65,18690.79
2021-05-24,13376,12363,26440.26,8435.33,8138.89,60095.88,5064.16,18590.9
2021-05-25,13381,12367,26491.06,8401.7,8281.54,61377.43,5194.31,18871.29
2021-05-26,13389,12374,27126.11,8323.54,8200.74,61369.38,5188.85,19070.36
2021-05-29,13405,12382,28335.24,8419.5,8461.1,64485.73,5459.17,19746.82
2021-05-30,13414,12387,28112.72,8480.85,8530.92,65784.38,5541.08,19962.0
2021-05-31,13422,12394,27347.61,8299.79,8422.19,64693.96,5408.2,19525.67
2021-06-01,13433,12401,27699.18,8414.56,8488.03,64069.28,5363.6,19413.86
2021-06-02,13442,12410,28016.19,8417.53,8611.72,65027.93,5483.74,19749.8
2021-06-07,13477,12434,27911.53,8420.49,8554.86,65518.82,5584.77,19709.35
2021-06-08,13489,12439,27534.57,8456.11,8557.86,65887.99,5623.91,19901.17
2021-06-09,13498,12449,27558.96,8372.02,8480.05,64845.86,5531.98,19538.4
2021-06-12,13516,12465,27000.12,8493.71,8582.8,65022.9,5510.14,19447.06
2021-06-13,13530,12476,27415.69,8298.8,8588.78,64922.31,5496.48,19529.55
2021-06-14,13536,12493,27248.04,8361.13,8649.63,65550.0,5560.2,19656.97
2021-06-15,13542,12480,27289.7,8276.05,8560.85,64942.42,5509.23,19653.69
2021-06-16,13551,12486,27723.56,8446.22,8590.78,64504.85,5475.55,19611.45
2021-06-19,13578,12505,27033.65,8675.75,8729.43,65234.14,5559.29,19792.64
2021-06-20,13585,12512,26647.54,8693.56,8632.67,64839.82,5531.98,20181.35
2021-06-21,13586,12515,26705.46,8604.52,8589.78,64870.0,5532.89,20284.32
2021-06-22,13601,12523,26901.56,8743.03,8699.51,65627.46,5629.37,20404.38
2021-06-23,13606,12528,26577.43,8650.03,8718.46,67129.3,5758.61,20713.89
2021-06-26,13620,12546,27080.39,8673.77,8870.09,70261.75,6002.54,21463.59
2021-06-27,13630,12555,27169.8,8693.56,8861.11,70591.69,6042.58,21408.83
2021-06-28,13642,12559,27550.83,9001.25,8872.08,70116.89,6011.64,21400.08
2021-06-29,13646,12561,27951.16,9154.6,8966.85,70549.44,6074.44,21508.51
2021-06-30,13654,12568,27835.33,9283.22,8968.84,71085.6,6132.69,21763.15
2021-07-03,13675,12588,27668.69,9050.72,8980.81,70056.54,6076.26,21905.28
2021-07-04,13685,12595,27808.91,9134.82,8990.79,69791.98,6076.26,21877.15
2021-07-05,13695,12603,27520.35,9230.78,9021.71,70872.34,6165.45,22171.75
2021-07-06,13704,12606,27636.18,9205.06,8972.83,72773.54,6338.39,22682.52
2021-07-07,13715,12612,27577.25,9063.58,9070.59,72388.27,6291.06,22799.9
2021-07-10,13730,12629,27562.01,9206.05,9135.43,71400.45,6194.58,22555.99
2021-07-11,13738,12645,27582.33,9148.67,9121.46,72589.45,6316.54,22818.78
2021-07-12,13751,12648,27517.3,9197.15,9129.44,73562.18,6400.28,23077.49
2021-07-13,13758,12648,27164.72,9239.69,9128.45,73603.43,6400.28,22994.9
2021-07-14,13766,12662,26907.65,9180.33,9126.45,73596.38,6383.89,23114.07
2021-07-17,13786,12675,27008.25,9207.04,9119.47,74081.24,6435.77,23365.03
2021-07-18,13793,12680,26833.48,9187.25,9106.5,73237.27,6319.27,23119.24
2021-07-19,13803,12688,26910.7,9156.58,9125.45,73692.95,6324.73,23191.5
2021-07-26,13857,12734,27765.22,9258.49,9111.49,74452.43,6393.0,23452.99
2021-07-27,13865,12742,28253.95,9212.98,9117.47,73943.43,6324.73,23325.47
2021-07-28,13874,12747,28765.04,9347.53,9110.49,74443.37,6336.57,23424.86
2021-07-31,13911,12768,30135.72,9659.18,9256.13,77035.64,6474.0,23955.21
2021-08-01,13917,12773,29997.53,9819.46,9200.27,78723.58,6513.14,24151.81
2021-08-02,13922,12781,29559.61,9973.8,9225.21,78604.88,6540.44,24118.31
2021-08-03,13929,12787,29899.99,9858.04,9249.15,79677.19,6624.18,24162.04
2021-08-04,13936,12794,30217.01,9943.13,9223.21,81492.88,6892.68,24703.52
2021-08-07,13957,12815,29338.1,9894.65,9915.5,81807.74,7012.82,24893.06
2021-08-08,13965,12821,29610.41,10096.48,10274.62,82674.84,7079.26,24762.36
2021-08-09,13972,12832,29415.32,9928.29,10061.14,83921.18,7269.48,24964.13
2021-08-10,13979,12837,29643.94,10156.83,10048.17,84455.33,7372.33,25319.84
2021-08-11,13987,12847,30477.12,10088.57,10035.21,86585.88,7588.04,25930.8
2021-08-14,14009,12874,30817.5,9933.23,10118.0,85634.27,7548.0,25967.08
2021-08-15,14018,12905,31119.28,10117.26,10145.93,86022.56,7659.95,26292.68
2021-08-22,14065,12929,32246.1,10264.67,10273.62,87861.39,7844.71,27144.85
2021-08-23,14076,12933,31739.08,10354.7,10451.18,88431.74,7879.29,27192.66
2021-08-24,14083,12940,32212.57,10424.95,10469.13,91201.05,8054.05,28006.87
2021-08-25,14091,12960,31780.74,10323.05,10447.19,91268.45,8137.78,27802.12
2021-08-28,14119,12977,32080.48,10252.8,10479.11,91907.21,8171.46,27968.6
2021-08-29,14121,12982,31132.49,10055.92,10336.46,90116.67,8040.39,27701.74
2021-08-30,14126,13010,30162.14,9656.21,9998.3,84582.08,7584.4,26184.14
2021-08-31,14147,13003,30823.6,9603.78,9932.46,85450.19,7538.89,25787.97
2021-09-01,14155,13009,30933.34,9860.02,9971.36,88319.08,7738.22,26999.35
2021-09-04,14170,13028,30823.6,9879.81,9970.37,89866.19,7854.72,27685.14
2021-09-05,14187,13029,31078.64,9815.5,9870.61,88491.09,7740.04,27138.29
2021-09-06,14196,13038,30886.6,9597.84,9678.09,88411.63,7626.27,27098.74
2021-09-07,14204,13051,30898.79,9408.87,9448.66,86310.25,7472.45,26428.94
2021-09-08,14211,13053,31065.43,9196.16,9261.12,87110.97,7535.25,26717.47
2021-09-11,14236,13076,31118.26,9432.62,9602.28,87526.41,7569.84,26800.57
2021-09-12,14245,13105,30857.13,9529.57,9817.74,84849.65,7215.78,26056.33
2021-09-13,14254,13121,30413.11,9535.51,9721.98,83754.2,7079.26,25755.18
2021-09-14,14262,13125,30628.51,9796.7,9866.62,85212.79,7281.32,26388.29
2021-09-15,14270,13130,30498.46,9720.52,9700.03,84829.53,7247.64,25999.08
2021-09-18,14290,13146,30055.45,9634.45,9695.05,82589.34,7000.08,25299.07
2021-09-19,14298,13142,29788.22,9767.02,9713.0,81364.13,6927.26,24985.79
2021-09-20,14306,13146,29955.87,10025.25,9891.56,82349.93,7011.0,25379.08
2021-09-21,14313,13165,29881.7,10329.97,10110.02,79550.45,6780.73,24696.86
2021-09-22,14321,13180,30099.14,10583.25,10334.47,79505.18,6814.4,24694.78
2021-09-25,14344,13197,30105.24,10621.83,10250.67,82877.04,7082.9,25492.09
2021-09-26,14353,13218,30042.24,10610.95,10140.95,82635.61,7050.13,25339.42
2021-09-28,14371,13229,30263.74,10368.56,10163.89,82576.26,7021.01,25398.96
2021-09-29,14378,13231,30659.0,10401.2,10242.69,82973.6,7062.88,25626.86
2021-10-02,14401,13248,30967.88,11250.08,10603.8,86171.43,7334.11,26377.06
2021-10-03,14408,13256,30609.21,12017.83,10819.27,86016.52,7326.83,26216.84
2021-10-04,14418,13273,30618.35,12226.59,10835.23,86486.29,7384.17,26305.1
2021-10-06,14433,13295,30634.61,11681.44,10639.71,87080.79,7411.47,26303.91
2021-10-09,14456,13306,30211.92,11031.43,10205.79,84835.57,7163.91,25734.3
2021-10-10,14465,13297,30083.9,11255.03,10191.82,83701.89,7047.4,25351.95
2021-10-11,14472,13303,29955.87,11374.74,10358.41,84239.06,7054.69,25613.54
2021-10-12,14480,13318,29343.18,10975.04,10379.36,82107.5,6778.91,24889.28
2021-10-13,14488,13342,29336.07,10699.0,10374.37,80995.96,6662.4,24599.16
2021-10-16,14506,13344,29941.65,10726.71,10512.03,85212.79,6944.56,25718.3
2021-10-17,14513,13362,29862.4,10768.26,10421.25,83453.43,6775.27,25394.59
2021-10-18,14521,13387,29658.16,10977.02,10495.07,83031.95,6789.83,25366.66
2021-10-19,14529,13385,29895.93,11252.06,10484.1,84592.13,6929.08,25717.51
2021-10-20,14538,13375,29824.8,11400.46,10550.93,83867.87,6808.03,25467.14
2021-10-23,14562,13395,30135.72,11549.86,10671.63,82199.04,6694.26,24914.13
2021-10-25,14576,13411,30339.95,11794.23,11142.47,81378.21,6656.94,24628.38
2021-10-26,14584,13428,30235.29,12502.62,12047.24,81877.15,6694.26,24681.76
2021-10-27,14592,13449,30274.92,12795.47,12859.23,82259.4,6692.44,24818.22
2021-10-30,14616,13469,30073.74,12467.0,12460.22,80350.16,6507.68,24275.55
2021-10-31,14624,13487,29904.05,12791.51,12645.76,77608.01,6204.59,23591.44
2021-11-01,14632,13483,30144.86,12838.01,12367.44,80068.5,6414.84,24379.41
2021-11-02,14640,13502,30119.46,12926.07,12639.77,80223.41,6465.81,24434.67
2021-11-03,14648,13491,30258.66,13708.66,13701.15,81158.92,6602.33,24704.62
2021-11-06,14671,13503,30599.05,14715.83,14872.26,84876.81,6978.23,25620.6
2021-11-07,14678,13511,30614.29,14959.21,15657.32,83024.91,6817.13,25352.84
2021-11-08,14686,13520,31022.75,15332.21,16891.27,83074.2,6854.45,25355.53
2021-11-09,14694,13530,30875.42,15808.09,17398.02,83958.4,6968.22,25604.7
2021-11-10,14702,13548,31376.34,16216.7,17438.92,84180.71,7012.82,25559.48
2021-11-13,14726,13566,32804.94,17129.88,18061.38,82387.15,6809.85,25084.19
2021-11-14,14733,13568,32601.73,18171.69,18374.6,83214.02,6861.73,25254.15
2021-11-15,14743,13585,31976.84,18068.79,18020.48,81414.42,6647.84,25282.08
2021-11-16,14754,13591,32295.89,17265.43,17065.84,81231.34,6626.0,24794.76
2021-11-17,14763,13588,32385.31,18436.84,17860.87,81446.61,6642.38,24833.23
2021-11-20,14788,13610,31826.47,20014.87,18745.69,79382.46,6461.26,24342.54
2021-11-21,14798,13617,32057.11,20995.34,20089.37,80003.11,6515.87,24403.96
2021-11-22,14807,13630,32205.46,21187.27,20726.79,81826.85,6647.84,24843.27
2021-11-23,14815,13654,31891.49,20910.25,20689.88,80811.87,6587.77,24710.98
2021-11-24,14823,13661,32607.83,21152.65,21134.78,80222.4,6525.88,24588.13
2021-11-27,14848,13675,32638.31,21018.09,21218.58,78485.17,6295.61,24056.39
2021-11-28,14856,13692,32581.41,20403.7,20460.45,78649.14,6352.04,24261.24
2021-11-29,14864,13700,33005.11,19885.27,19709.31,78423.81,6321.09,24159.26
2021-11-30,14873,13704,32484.88,20944.88,20511.32,78155.23,6281.05,24074.78
2021-12-01,14882,13711,32711.47,21237.73,20942.26,76881.73,6176.38,23881.66
2021-12-04,14905,13713,33911.45,20080.17,19911.81,76845.52,6192.76,23895.78
2021-12-05,14914,13715,33963.27,20073.25,20103.33,77848.42,6249.19,24093.86
2021-12-06,14921,13729,34444.89,19307.48,19234.48,77483.27,6211.87,24128.25
2021-12-07,14930,13728,34640.99,19728.95,19412.04,77136.23,6132.69,23970.32
2021-12-08,14938,13740,34386.97,19775.45,19121.76,78100.91,6208.23,24121.69
2021-12-11,14962,13756,33696.04,18723.75,17996.54,77957.06,6218.24,24110.36
2021-12-12,14969,13760,33558.87,17012.15,16475.3,76192.67,6071.71,23676.22
2021-12-13,14978,13769,32113.0,17726.47,17381.06,74516.8,5956.12,23374.77
2021-12-14,14985,13772,32532.64,18699.02,18409.52,74169.76,5953.39,23258.88
2021-12-15,14993,13779,33749.89,19212.5,19037.96,74023.9,5947.02,23375.37
2021-12-18,15016,13800,33444.04,18116.99,18029.93,75063.02,6022.56,23554.27
2021-12-19,15024,13806,33081.3,18079.38,17994.0,73764.37,5895.14,23178.57
2021-12-20,15033,13813,33206.28,18162.51,17951.08,74496.69,5953.39,23348.83
2021-12-21,15041,13819,33595.44,18795.87,18284.43,76330.48,6134.51,23784.76
2021-12-22,15049,13825,33593.41,19453.97,18486.04,80393.41,6420.3,24333.69
2021-12-25,15073,13845,32958.35,19118.48,18004.97,80629.8,6421.21,24463.3
2021-12-26,15083,13851,33119.91,19189.74,17942.1,79220.5,6372.06,24188.28
2021-12-27,15093,13858,33213.39,20582.13,18489.03,80205.3,6515.87,24609.6
2021-12-28,15100,13865,32938.03,19923.05,18152.69,80151.99,6519.51,24571.53
2021-12-29,15110,13871,33028.46,19985.39,18193.61,79638.97,6503.13,24427.81
2022-01-01,15135,13891,33119.91,20485.15,18800.43,77772.98,6336.57,24165.12
2022-01-02,15142,13898,33048.78,20689.01,19545.98,77999.31,6343.85,24220.39
2022-01-03,15152,13904,32950.22,20533.64,20007.08,78090.85,6333.84,24149.72
2022-01-04,15162,13911,32531.58,20549.48,20301.51,77040.67,6249.19,23879.97
2022-01-05,15170,13918,31972.73,20205.09,19806.47,77044.69,6246.46,23944.58
2022-01-08,15194,13940,31519.54,19992.32,19556.95,77350.49,6324.73,23928.87
2022-01-09,15203,13955,30594.89,19299.59,18723.58,75410.06,6129.05,23405.38
2022-01-10,15212,13975,30306.32,18639.51,18517.98,75229.0,6109.93,23332.33
2022-01-11,15221,13984,31104.97,18951.24,18754.52,75686.69,6166.37,23415.32
2022-01-12,15230,13988,31122.25,18787.95,18272.45,75395.98,6099.92,23333.13
2022-01-15,15254,13992,30503.44,18425.75,17926.13,74754.2,6007.09,23247.55
2022-01-16,15263,13992,30597.94,18154.59,17236.47,74193.9,5988.88,22994.2
2022-01-17,15272,13995,30309.36,17683.53,16926.07,73728.16,5999.81,22971.25
2022-01-18,15280,14001,30220.96,17464.83,16911.1,72786.62,5811.4,22470.22
2022-01-19,15289,14008,30620.29,18369.34,18104.78,72968.69,5872.38,22521.4
2022-01-22,15313,14027,30556.28,18489.09,18445.12,73416.32,5930.63,22831.4
2022-01-23,15321,14033,30924.11,17936.88,17487.98,71064.47,5741.32,22143.12
2022-01-24,15329,14039,31529.7,17904.22,17572.81,70542.4,5633.92,21778.96
2022-01-25,15337,14046,31107.01,17465.82,17267.41,68210.67,5480.1,21296.71
2022-01-26,15345,14052,31386.43,17722.13,17370.21,71226.43,5683.07,21968.39
2022-01-29,15369,14071,31336.65,17562.8,17172.59,73587.33,5982.51,22610.36
2022-01-30,15377,14078,30936.3,18000.21,17093.75,72515.02,5941.55,22539.59
2022-01-31,15387,14084,30706.66,17349.04,16804.31,72666.91,5961.58,22539.49
2022-02-01,15396,14102,30671.1,16941.32,16686.54,72473.77,5957.03,22641.07
2022-02-02,15405,14113,30551.2,16881.94,17006.92,73161.83,5935.18,22635.01
2022-02-05,15428,14127,29778.96,17044.24,16843.23,72053.3,5901.51,22602.8
2022-02-06,15437,14135,29646.86,16379.21,16240.41,69548.55,5680.34,22137.46
2022-02-07,15445,14137,29896.83,16611.78,16658.59,70055.53,5679.43,22128.91
2022-02-08,15454,14147,29470.06,16559.33,16465.97,70800.92,5756.79,22327.89
2022-02-09,15463,14153,29705.8,16988.82,16800.32,69860.38,5716.74,22252.06
2022-02-12,15486,14166,30432.31,17095.7,16803.31,69876.48,5695.81,22232.57
2022-02-13,15495,14177,30718.85,16553.39,16410.08,69416.77,5630.28,22142.23
2022-02-14,15503,14185,30560.34,16421.77,16428.04,70188.32,5711.28,22291.12
2022-02-16,15519,14197,30421.14,16114.0,16285.32,70065.59,5693.99,22238.74
2022-02-19,15544,14214,29772.86,15489.55,15866.13,70116.89,5678.52,22166.58
2022-02-20,15553,14221,29806.39,14852.23,15305.23,70008.26,5690.35,22041.55
2022-02-21,15562,14226,29851.1,15220.37,15405.03,71560.4,5788.65,22115.99
2022-02-22,15571,14227,30213.85,15453.92,15561.73,71478.92,5829.6,22129.9
2022-02-23,15579,14236,30103.1,15545.95,15309.22,71279.74,5892.41,22197.89
2022-02-26,15604,14250,30396.75,15138.23,14978.86,70971.93,5868.74,22244.7
2022-02-27,15613,14255,30328.67,14951.19,14598.6,70523.29,5866.92,22114.0
2022-02-28,15622,14261,30447.55,15283.7,15347.14,70849.21,5898.78,22239.43
2022-03-02,15638,14273,30720.89,15386.62,15307.22,70899.5,5897.87,22270.94
2022-03-05,15663,14292,30220.96,14934.37,14859.09,72052.29,6004.36,22566.13
2022-03-06,15671,14297,30021.81,15132.29,14983.85,74602.31,6193.67,22938.65
2022-03-07,15680,14304,30485.15,15462.83,15045.73,75847.64,6268.3,23370.3
2022-03-08,15689,14309,31086.68,15426.21,14980.86,75255.15,6225.53,23203.02
2022-03-09,15699,14316,31094.81,15539.03,14913.99,76304.33,6315.63,23421.48
2022-03-12,15726,14335,31246.21,15474.7,14900.01,74634.5,6155.44,23082.46
2022-03-13,15736,14346,31753.25,15724.09,15025.77,74525.86,6151.8,23147.96
2022-03-14,15746,14352,31512.43,16114.0,15231.37,74321.66,6139.97,23163.47
2022-03-15,15756,14354,31607.94,15955.66,15351.14,74369.94,6146.34,23520.38
2022-03-16,15765,14364,31375.26,15708.25,15356.13,75489.53,6267.39,23560.53
2022-03-19,15798,14417,31018.6,15543.97,15361.12,77961.09,6439.41,23844.09
2022-03-26,15857,14433,31148.67,15732.0,15365.11,79729.5,6510.41,24163.24
2022-03-27,15866,14445,31301.08,15529.13,15277.28,80787.73,6595.05,24456.34
2022-03-28,15874,14450,31520.56,15652.83,15269.3,80787.73,6690.62,24456.34
2022-03-29,15883,14460,31721.75,15467.77,15241.35,80759.57,6600.51,24737.81
2022-03-30,15895,14465,31978.82,15474.7,15258.32,80410.51,6625.09,24978.64
2022-04-03,15930,14492,31891.44,16565.26,16044.79,82703.01,6833.52,25669.0
2022-04-04,15938,14499,31981.87,18110.06,17163.61,82912.24,6831.7,25464.95
2022-04-05,15946,14508,32503.13,18677.11,17832.31,82991.71,6821.68,25467.54
2022-04-06,15956,14516,32425.91,18656.33,17096.74,81599.51,6709.73,25634.02
2022-04-09,15982,14534,33008.14,18486.12,16826.27,80577.49,6636.92,25447.36
2022-04-10,15993,14548,33541.59,17962.61,16714.48,82342.89,6816.22,25881.8
2022-04-11,16001,14555,34097.4,18203.09,16990.95,82664.79,6818.04,26114.97
2022-04-12,16009,14554,33955.15,17842.86,16676.56,79757.67,6588.68,25321.04
2022-04-13,16020,14562,33218.47,18436.64,16987.95,80511.1,6670.6,25619.21
2022-04-16,16047,14583,33674.7,18479.19,17073.79,81379.21,6740.68,26111.39
2022-04-17,16058,14597,34170.56,18563.31,17014.9,81980.76,6791.65,26351.52
2022-04-18,16066,14596,34269.12,18430.7,16956.01,83955.39,6964.58,26897.87
2022-04-19,16077,14604,33832.2,18489.09,16940.05,84559.95,7040.12,27120.01
2022-04-20,16086,14611,33753.96,18418.82,17053.82,84192.78,7009.18,27018.63
2022-04-24,16122,14638,33574.11,18369.34,17182.57,83162.72,6912.7,26847.48
2022-04-25,16133,14650,33352.6,18654.35,17295.35,83531.89,6893.59,26913.57
2022-04-26,16144,14660,33473.51,18801.81,17998.99,83932.25,6945.47,27043.67
2022-04-27,16155,14659,33682.83,18879.0,18308.38,83655.62,6904.51,26913.67
2022-04-30,16180,14683,33689.94,19208.54,18727.57,84230.0,6903.6,26872.92
2022-05-01,16191,14694,33671.65,19145.2,18662.69,84293.38,6913.61,27053.61
2022-05-02,16202,14711,33602.56,19163.02,18725.57,84354.74,6913.61,26878.39
2022-05-07,16234,14730,34254.9,19246.15,18892.25,85153.44,6965.49,27150.22
2022-05-08,16244,14744,34286.39,19231.3,18808.41,85523.62,6980.96,27442.43
2022-05-09,16255,14749,34191.9,19083.85,18931.17,85067.94,6962.76,27408.04
2022-05-10,16266,14751,34579.03,19192.71,18807.41,85208.77,6963.67,27332.3
2022-05-11,16275,14758,35515.88,19143.23,18714.59,88021.33,7104.74,27875.67
2022-05-14,16302,14780,36005.64,19260.0,18933.17,90414.42,7302.25,28268.07
2022-05-15,16312,14793,36224.11,19497.51,19029.98,89886.31,7257.65,28150.09
2022-05-16,16323,14800,36186.51,19531.16,19067.91,90832.88,7339.57,28306.53
2022-05-17,16332,14800,36021.9,19621.21,18912.21,91389.16,7507.95,28467.64
2022-05-18,16342,14807,35743.49,19644.96,18822.38,89406.48,7411.47,28126.34
2022-05-21,16370,14828,36623.43,19664.76,18924.19,88804.94,7323.18,27855.79
2022-05-22,16381,14834,37208.71,19684.55,18795.44,89238.5,7307.71,28112.42
2022-05-23,16392,14846,36904.89,20085.34,18883.27,87360.44,7090.18,27478.21
2022-05-24,16403,14851,37264.6,20630.63,19591.89,86906.76,7215.78,27385.58
2022-05-25,16414,14862,37071.54,20812.72,19979.13,87776.89,7354.13,27573.33
2022-05-28,16441,14887,37757.41,21171.95,20504.11,86561.73,7282.23,27334.19
2022-05-29,16452,14888,38165.88,21291.69,21450.27,85662.44,7294.06,26939.91
2022-05-30,16462,14894,38831.43,21294.66,20731.67,86151.32,7325.0,27133.42
2022-05-31,16472,14901,38779.61,21342.16,20856.43,86278.06,7331.38,27327.14
2022-06-01,16484,14909,38465.63,21333.26,20781.57,86048.71,7391.45,27147.14
2022-06-06,16528,14946,37970.79,21292.68,20868.4,84480.48,7265.84,26494.14
2022-06-07,16539,14953,38352.84,21244.19,21053.04,84229.0,7226.71,26615.2
2022-06-08,16550,14963,38561.14,20561.35,20258.59,84466.39,7273.13,26863.38
2022-06-11,16576,14985,39731.7,20780.06,19989.11,84069.05,7228.53,26770.85
2022-06-12,16585,14993,41793.37,21114.55,20839.46,86071.85,7346.85,27219.2
2022-06-13,16596,15000,41007.92,21102.67,21162.83,88902.52,7496.12,28009.05
2022-06-14,16607,15008,40077.17,21226.38,21006.14,88350.27,7487.01,28086.98
2022-06-15,16618,15023,39268.35,21246.17,20776.58,87029.49,7414.2,27772.51
2022-06-18,16644,15038,40239.75,21221.43,20875.39,85892.79,7336.84,27493.32
2022-06-19,16655,15047,40453.13,21303.57,21215.73,85921.97,7305.89,27476.62
2022-06-20,16664,15053,39996.9,21269.92,20917.31,86493.33,7333.2,27663.18
2022-06-21,16675,15061,40028.4,20847.35,20720.69,86101.02,7274.04,27371.76
2022-06-22,16684,15077,40525.27,20957.2,20623.88,85780.13,7225.8,27196.64
2022-06-25,16713,15092,39290.71,20781.05,20033.03,84671.6,7138.42,26692.53
2022-06-26,16722,15102,37538.94,20962.15,19763.55,82692.95,7001.9,26438.29
2022-06-27,16733,15110,36224.11,20776.1,19546.97,82766.38,7020.1,26423.58
2022-06-28,16743,15115,36325.72,20470.31,19697.68,84026.81,7161.18,26594.23
2022-06-29,16753,15134,36877.46,20613.8,19636.8,83968.46,7132.05,26686.56
2022-07-02,16780,15143,39601.63,21169.97,20477.16,82843.84,7066.52,26354.8
2022-07-03,16790,15155,39636.18,20988.87,20528.07,83125.5,7054.69,26508.65
2022-07-04,16800,15158,38284.76,20978.97,20366.38,83199.94,7061.06,26643.63
2022-07-05,16811,15168,38880.2,20991.84,20427.26,83181.83,7067.43,26591.05
2022-07-06,16822,15184,38610.93,21075.95,20393.33,82259.4,7031.93,26462.94
2022-07-09,16850,15206,38329.47,21504.46,20802.53,82212.12,6978.23,26347.54
2022-07-11,16869,15214,38679.01,22673.2,22397.43,81600.52,6931.81,26185.24
2022-07-12,16878,15220,38427.02,22824.61,23013.23,81743.36,6928.17,26125.9
2022-07-13,16888,15234,38087.64,22855.29,23399.48,82861.95,6997.35,26379.15
2022-07-16,16915,15250,38469.69,22845.4,22989.28,82134.66,6903.6,26024.13
2022-07-17,16925,15263,38047.0,22929.51,23399.48,81326.91,6829.88,25849.1
2022-07-19,16943,15270,37891.53,22967.12,23425.43,81643.77,6836.25,26008.32
2022-07-20,16954,15287,37866.13,23210.57,24039.24,82180.94,6891.77,26203.23
2022-07-23,16983,15299,38268.51,23402.55,24201.92,83216.03,6990.06,26306.2
2022-07-24,16993,15307,38221.77,22907.74,23861.58,82308.69,6879.93,25832.6
2022-07-25,17003,15314,37981.96,22552.47,23727.84,80525.19,6683.34,25323.42
2022-07-26,17013,15321,38069.35,22716.75,23418.44,80998.98,6694.26,25394.29
2022-07-27,17023,15340,38016.51,22541.58,23042.17,81750.4,6752.51,25540.69
2022-07-30,17051,15351,38278.67,22750.39,22612.01,81926.44,6761.61,25497.55
2022-07-31,17062,15358,38244.12,22616.79,22733.77,80844.06,6648.75,25248.08
2022-08-01,17071,15371,38129.3,22726.64,23166.93,81185.07,6684.25,25429.47
2022-08-02,17080,15374,38140.48,22591.06,22983.29,81644.78,6683.34,25506.8
2022-08-03,17091,15389,38009.4,22587.11,22795.65,82442.48,6750.69,25708.96
2022-08-06,17121,15412,37706.6,22447.57,22894.46,83789.41,6826.23,25952.76
2022-08-09,17149,15428,37933.19,22088.34,22588.06,83547.99,6831.7,25939.74
2022-08-10,17160,15443,37536.91,22219.96,22389.44,83049.05,6812.58,25898.1
2022-08-13,17188,15456,36589.9,22723.67,22836.57,85019.65,6965.49,26214.26
2022-08-14,17199,15465,35749.58,22222.93,22524.18,84681.66,6876.29,25895.22
2022-08-15,17209,15474,35110.46,22006.2,22438.35,84975.39,6914.52,25954.45
2022-08-16,17219,15482,35111.47,22028.96,22141.93,84337.64,6899.05,25834.29
2022-08-17,17229,15497,34229.49,21735.04,22046.11,83495.68,6833.52,25664.33
2022-08-20,17258,15514,33238.79,21391.64,21214.73,82664.79,6767.07,25569.71
2022-08-21,17269,15520,33339.39,21661.81,20803.53,82247.33,6775.27,25503.52
2022-08-22,17278,15531,34794.45,21491.6,21795.6,82036.08,6754.33,25425.7
2022-08-23,17288,15535,34422.55,21389.66,21985.23,82854.9,6833.52,25599.33
2022-08-24,17298,15549,33674.7,20710.78,21262.64,84057.99,6921.8,25897.8
2022-08-27,17327,15570,34949.91,20735.53,21359.45,84542.84,6919.07,25973.54
2022-08-28,17338,15578,34509.94,20476.24,21003.14,83929.23,6859.0,25878.32
2022-08-29,17347,15586,34401.21,20187.28,21006.14,84385.92,6895.41,25986.56
2022-08-30,17358,15590,34417.47,20076.44,20654.82,84116.33,6869.92,25859.04
2022-08-31,17368,15605,34738.56,20023.0,20151.8,84104.26,6872.65,25951.07
2022-09-03,17397,15623,35217.15,19928.98,20212.68,83155.68,6808.03,25796.52
2022-09-04,17408,15630,35371.59,19613.3,20101.89,83246.21,6815.31,25840.55
2022-09-05,17417,15637,35030.18,19432.19,19994.1,83349.82,6825.32,25906.45
2022-09-06,17428,15646,35083.02,19288.7,19961.17,82942.42,6787.1,25717.9
2022-09-07,17438,15661,34699.95,19245.16,19893.3,82570.23,6782.55,25643.76
2022-09-10,17467,15678,35238.48,19470.79,20058.98,81733.3,6716.1,25438.12
2022-09-11,17478,15683,35506.74,19140.26,19894.3,81487.85,6752.51,25394.78
2022-09-12,17488,15691,36278.97,18780.03,19647.78,82060.23,6752.51,25448.56
2022-09-13,17497,15699,37169.08,17957.66,19013.01,82229.22,6758.88,25535.42
2022-09-14,17508,15725,36662.05,17891.35,19005.03,81977.74,6786.19,25484.73
2022-09-18,17546,15743,36754.51,18141.73,19396.27,81290.69,6707.91,25253.75
2022-09-19,17556,15748,36115.38,18727.58,20134.83,81227.32,6705.18,25212.5
2022-09-20,17566,15760,36244.43,18892.85,20007.08,80823.95,6683.34,25079.52
2022-09-21,17577,15775,35953.82,17962.61,19222.61,80447.73,6627.82,24907.37
2022-09-24,17609,15788,36292.18,17335.19,18431.14,78829.2,6505.86,24612.98
2022-09-26,17629,15807,36468.99,17491.55,18571.87,79566.54,6581.4,24674.9
2022-09-28,17648,15828,36276.94,17756.77,18823.38,80573.47,6665.14,25050.1
2022-10-01,17679,15845,37994.16,17385.66,18325.35,78528.43,6484.01,24553.84
2022-10-02,17688,15852,38479.86,17497.49,18177.64,78431.86,6447.61,24455.44
2022-10-03,17699,15860,38758.27,17852.76,18421.16,78358.43,6455.8,24447.99
2022-10-04,17710,15888,38626.17,17925.0,18371.26,78532.45,6456.71,24443.52
2022-10-08,17749,15904,37845.81,17930.94,18237.52,78880.5,6496.75,24592.21
2022-10-09,17759,15910,37573.49,18017.04,18546.92,77871.56,6395.73,24272.57
2022-10-10,17770,15920,37622.26,18212.98,18886.26,78082.8,6393.91,24279.23
2022-10-11,17780,15928,38124.22,17748.85,18374.26,78611.92,6474.0,24635.34
2022-10-12,17795,15944,38154.7,17741.92,18262.47,79231.57,6607.79,25206.34
2022-10-15,17821,15958,38047.0,17830.99,18247.5,79118.9,6526.79,24763.16
2022-10-16,17830,15969,38459.53,17959.64,18357.29,78800.03,6458.53,24591.21
2022-10-17,17843,15978,38218.72,17809.22,18230.54,78868.43,6463.99,24662.28
2022-10-18,17852,15984,37858.0,17724.11,18249.5,79091.74,6499.49,24709.69
2022-10-19,17864,16000,37801.1,17682.54,18274.45,79114.88,6476.73,24669.73
2022-10-22,17893,16016,38026.67,17674.63,18345.31,79248.67,6479.46,24654.23
2022-10-23,17904,16023,37898.64,17594.47,18303.39,78884.52,6428.49,24482.78
2022-10-24,17915,16031,37592.8,17260.97,18177.64,77571.79,6341.12,24143.46
2022-10-25,17925,16039,37765.53,16623.65,17787.4,76710.72,6241.0,24018.42
2022-10-26,17935,16058,37991.11,15786.43,17012.9,75019.77,6162.72,23473.27
2022-10-29,17965,16073,38192.3,16786.94,17748.47,75041.9,6151.8,23619.87
2022-10-30,17975,16080,38230.91,17243.15,18250.5,75765.16,6189.12,23839.22
2022-10-31,17985,16089,38745.06,17047.21,17913.15,76907.88,6278.32,24005.4
2022-11-01,17997,16097,39505.1,16860.17,17884.21,77840.38,6366.6,24197.03
2022-11-02,18007,16113,40602.5,16905.69,18214.57,77653.27,6307.44,24104.79
2022-11-05,18037,16129,41267.03,16888.87,18574.87,81186.08,6620.54,25223.14
2022-11-06,18049,16140,40301.73,16833.45,18807.41,82553.13,6695.17,25572.79
2022-11-07,18061,16151,40868.72,16709.75,18836.36,85449.18,6904.51,26330.45
2022-11-08,18073,16158,39912.56,17016.53,18988.06,85527.64,7043.76,26854.83
2022-11-09,18085,16174,39995.88,16714.7,18670.68,85308.35,7000.99,26849.27
2022-11-12,18116,16194,39850.58,16581.1,18356.29,85877.7,7070.16,26884.95
2022-11-13,18129,16204,40075.14,15431.16,18165.66,85163.5,7008.27,26597.41
2022-11-14,18141,16211,40794.54,15690.44,18489.03,84477.46,6971.86,26431.93
2022-11-15,18152,16220,41355.43,15387.61,18458.09,85359.65,6993.7,26599.4
2022-11-16,18165,16234,41096.32,15126.35,18190.61,85644.33,6966.4,26673.74
2022-11-19,18195,16254,40938.83,14719.62,18024.94,83887.99,6848.08,26212.27
2022-11-20,18207,16257,41526.14,14630.55,18217.56,84932.14,6996.44,26480.23
2022-11-21,18218,16267,41596.25,14580.08,18139.71,84467.4,6965.49,26506.47
2022-11-22,18229,16275,41901.08,14247.57,18066.85,84175.68,6953.66,26568.19
2022-11-23,18241,16292,41868.56,13997.2,18054.88,84616.28,6982.78,26607.55
2022-11-26,18273,16314,42477.21,13918.03,18022.94,84428.17,7036.48,26479.14
2022-11-27,18285,16319,43052.32,13961.57,18124.74,84304.44,6950.93,26413.54
2022-11-28,18297,16327,43433.36,13843.81,18387.23,84452.31,6940.01,26533.7
2022-11-29,18309,16332,42789.15,13900.21,18731.56,84658.53,6991.88,26719.96
2022-11-30,18325,16355,43047.24,13873.49,18596.82,84792.31,7013.73,26825.51
2022-12-03,18353,16369,43311.43,13858.65,18326.35,84770.18,6999.17,26829.19
2022-12-04,18364,16375,44068.43,13580.57,18168.66,84532.79,6993.7,26756.54
2022-12-05,18376,16392,44722.8,13655.78,18384.24,84666.57,7011.91,26813.39
2022-12-06,18387,16418,44224.91,13463.79,18432.14,84575.03,6980.96,26743.81
2022-12-07,18403,16443,43795.1,13088.73,18181.63,84326.57,6929.08,26576.04
2022-12-10,18432,16457,45036.77,12942.26,18368.27,83172.78,6833.52,26249.64
2022-12-11,18444,16468,45769.39,13166.91,18425.16,83792.43,6949.11,26437.69
2022-12-12,18455,16485,47173.64,13197.58,18377.25,85605.1,7056.51,27095.36
2022-12-13,18466,16497,47562.81,13263.89,18625.77,88769.74,7375.06,28099.2
2022-12-14,18480,16513,47570.94,13243.11,18614.79,90122.7,7507.04,28589.1
2022-12-17,18508,16528,47447.99,13516.24,18585.84,89558.38,7435.13,28407.41
2022-12-18,18519,16536,47312.85,13692.39,18714.59,91023.0,7617.17,29117.76
2022-12-19,18530,16540,46809.88,14214.91,19720.64,90969.69,7578.03,29062.2
2022-12-20,18542,16557,46925.71,14642.43,20256.59,89636.84,7499.76,28600.23
2022-12-21,18558,16578,46660.51,14172.36,19495.08,89853.11,7508.86,28658.67
2022-12-24,18587,16583,48378.74,14174.34,19531.01,93457.34,7705.45,29954.43
2022-12-25,18600,16603,49425.33,14080.33,19514.04,94606.1,7921.16,30496.2
2022-12-26,18612,16619,50916.97,14070.43,19613.84,94727.82,7878.38,30761.58
2022-12-28,18637,16636,54016.08,14287.16,20595.93,98761.57,8344.39,32420.6
2022-12-31,18670,16646,48721.17,14194.13,19852.38,93683.67,7906.6,30522.54
2023-01-01,18684,16664,48765.88,14181.27,19511.04,93241.07,7814.67,29843.11
2023-01-02,18698,16673,50235.16,14302.99,19917.25,95702.56,8081.35,30722.42
2023-01-03,18712,16672,48980.27,14408.88,19624.82,94884.74,8067.7,30509.72
2023-01-04,18726,16702,49283.07,14293.09,19537.99,93596.16,8042.21,30128.56
2023-01-07,18761,16717,50715.78,14281.22,19416.23,95902.74,8204.22,30738.12
2023-01-08,18774,16727,52578.3,14385.13,19638.8,98451.75,8418.11,31473.01
2023-01-09,18787,16738,52201.32,14266.37,19756.57,98558.38,8435.41,31490.11
2023-01-10,18800,16747,52326.3,14303.98,19785.51,99340.99,8639.28,31904.67
2023-01-11,18817,16751,52455.35,14227.78,19767.55,97532.34,8489.11,31152.48
2023-01-14,18847,16780,53878.91,14029.85,19604.86,97765.71,8404.46,31057.96
2023-01-16,18869,16798,54818.81,14107.04,19841.4,101455.44,8674.78,31997.3
2023-01-17,18882,16802,57175.15,14118.92,19862.36,101141.59,8691.16,32131.58
2023-01-18,18901,16824,60487.65,14014.02,19700.68,101099.34,8718.47,32049.58
2023-01-21,18931,16829,65117.02,14216.89,19853.38,99731.28,8531.88,31603.91
2023-01-22,18942,16851,71199.42,14734.46,21239.68,100661.76,8505.49,31724.97
2023-01-23,18956,16861,66070.13,15482.62,22400.42,101834.67,8564.65,32091.42
2023-01-24,18970,16870,61083.09,15188.7,21640.9,100587.32,8448.15,31632.34
2023-01-25,18985,16874,60295.61,14669.15,20566.99,98208.32,8226.98,30729.18
2023-01-28,19017,16903,65496.03,14917.54,21370.43,97288.9,8193.3,30520.95
2023-01-29,19029,16913,68573.81,14715.66,21203.75,94057.88,7819.22,29606.16
2023-01-30,19043,16922,68229.35,14777.02,21072.01,94586.99,7847.44,29695.02
2023-01-31,19056,16932,64679.08,14914.58,21476.22,95726.7,8026.74,30351.59
2023-02-01,19077,16945,65061.13,14934.37,21705.77,95064.8,7984.87,30197.04
2023-02-05,19117,16961,61632.8,14908.64,21733.72,93682.67,7850.17,29880.28
2023-02-06,19128,16983,62768.8,14866.08,21743.7,93936.16,7815.58,29830.59
2023-02-07,19141,16985,62408.09,14912.6,21575.03,95873.57,8111.39,30413.41
2023-02-08,19162,17007,62258.72,14833.43,21496.18,95757.89,8052.23,30541.33
2023-02-12,19202,17024,65596.62,15374.75,22361.5,94636.28,8049.5,30177.16
2023-02-13,19215,17038,65592.56,15793.36,23111.04,94678.53,8040.39,30181.93
2023-02-14,19228,17042,66818.99,15830.96,22951.35,94175.57,7939.37,30028.77
2023-02-15,19254,17071,69836.82,16266.4,23381.51,93591.13,7868.37,29795.5
2023-02-19,19288,17099,76266.73,17068.98,23800.7,95400.78,7946.65,30394.63
2023-02-20,19301,17107,75177.47,16744.38,23092.08,100659.75,8406.28,32390.59
2023-02-21,19314,17109,71937.11,16370.31,22917.42,102377.87,8775.81,34241.64
2023-02-22,19333,17135,74790.33,16831.47,23555.18,101435.32,8639.28,33531.79
2023-02-25,19363,17151,82060.55,18112.04,25238.9,110368.93,9331.01,36835.73
2023-02-26,19376,17159,84710.55,18330.75,25672.06,113722.67,9645.92,38787.17
2023-02-27,19390,17171,78992.94,17789.42,24131.06,110499.7,9533.97,36861.18
2023-02-28,19403,17180,77712.64,17119.45,23826.65,111260.17,9559.46,36541.14
2023-03-01,19426,17197,72663.62,15962.58,22585.06,108678.97,9279.13,35618.2
2023-03-04,19455,17206,75880.61,16195.14,22839.57,107186.18,9256.37,34980.71
2023-03-05,19468,17461,72278.52,16306.97,22576.08,108260.51,9275.49,35508.37
2023-03-06,19481,17471,69120.47,15619.19,21897.4,107398.43,9235.44,34854.98
2023-03-07,19507,17509,66394.26,15834.92,21957.29,110496.68,9525.78,35914.38
2023-03-11,19546,17520,60682.74,15349.02,21167.82,109323.77,9496.66,35964.08
2023-03-12,19562,17527,62825.71,14963.07,20327.46,106980.98,9221.79,35108.72
2023-03-13,19578,17539,64441.31,15371.78,20617.89,108047.25,9362.86,35279.97
2023-03-14,19593,17558,68848.15,15885.39,21306.55,109078.33,9382.89,35576.65
2023-03-15,19615,17563,69423.27,16271.35,21838.52,112609.12,9640.46,36614.99
2023-03-18,19647,17595,74200.99,16538.54,22121.96,117592.46,10014.54,39169.62
2023-03-19,19685,17631,76150.89,16222.85,21849.5,118708.03,10191.11,39856.81
2023-03-25,19741,17658,80711.17,16418.8,21987.23,120494.55,10355.85,39701.16
2023-03-26,19754,17670,77041.0,16495.0,22618.0,120231.0,10361.31,39776.1
2023-03-27,19767,17679,77041.0,16495.0,22618.0,120231.0,10361.31,39776.1
2023-03-28,19780,17688,77954.0,16833.0,22731.0,122543.0,10505.9,40296.4
2023-03-29,19817,17704,80660.0,17362.0,23078.0,124210.0,10582.29,40776.5
2023-04-03,19859,17746,79461.0,17354.0,22900.0,123554.0,10561.37,40719.2
2023-04-04,19872,17762,75719.0,16977.0,22405.0,123353.0,10828.73,41134.2
2023-04-05,19897,17770,78805.0,16870.0,22132.0,124223.0,10845.1,41206.0
2023-04-08,19923,17800,78117.0,17177.0,22601.0,129524.0,11408.9,43029.79
2023-04-09,19937,17813,77492.0,17113.0,22364.0,131196.0,11648.07,43363.79
2023-04-10,19950,17823,74967.0,17037.0,22186.0,128922.0,11557.13,43021.59
2023-04-11,19983,17853,77370.0,16877.0,22226.0,129907.0,11409.81,42941.59
2023-04-15,20013,17873,76236.0,16834.0,22153.0,134834.0,11859.95,44677.49
2023-04-16,20027,17887,75947.0,16885.0,22340.0,134533.0,12010.9,44874.19
2023-04-17,20041,17898,77412.0,17478.0,23041.0,135261.0,12062.74,44857.19
2023-04-18,20055,17905,77215.0,17778.0,24019.0,137878.0,12175.5,45500.19
2023-04-19,20098,17946,77833.0,18087.0,24143.0,137234.0,12140.94,45348.59
2023-04-24,20128,17973,77345.0,17491.0,23784.0,137473.0,12067.28,45402.89
2023-04-25,20142,17985,77213.0,17679.0,23493.0,139804.0,12282.8,46419.99
2023-04-26,20167,18006,79866.0,17359.0,23163.0,139488.0,12280.08,46271.39
2023-04-29,20195,18028,86366.0,17702.0,23935.0,144358.0,12703.84,48194.68
2023-04-30,20209,18038,91762.0,18147.0,25158.0,147069.0,12869.34,49351.68
2023-05-01,20223,18049,96899.0,17931.0,24913.0,146960.0,12872.07,49100.38
2023-05-02,20237,18059,92548.0,17764.0,24711.0,149549.0,13173.98,49628.08
2023-05-03,20263,18081,90117.0,17698.0,24683.0,149118.0,13254.92,49426.58
2023-05-06,20291,18104,90618.0,17766.0,25138.0,151000.0,13538.64,49831.48
2023-05-07,20305,18114,84013.0,16682.0,23193.0,143102.0,12762.04,47118.38
2023-05-08,20322,18127,85453.0,16327.0,22194.0,133752.0,11693.53,43415.49
2023-05-09,20338,18138,87144.0,16771.0,22942.0,138545.0,12247.34,45316.69
2023-05-10,20366,18159,83876.0,16582.0,22801.0,135366.0,12063.65,44761.99
2023-05-13,20394,18181,79703.0,16249.0,22323.0,129281.0,11438.0,42395.1
2023-05-14,20408,18191,80470.0,16690.0,23190.0,137018.0,12124.57,44399.89
2023-05-15,20429,18201,78120.0,16447.0,22814.0,135215.0,12060.01,44406.09
2023-05-17,20464,18234,75554.0,16485.0,23095.0,137751.0,12213.69,44749.59
2023-05-20,20493,18257,76463.0,16516.0,22672.0,136115.0,12158.22,44245.89
2023-05-21,20507,18267,80322.0,16604.0,22782.0,137099.0,12242.79,44487.69
2023-05-22,20521,18280,82088.0,16643.0,22832.0,138134.0,12322.82,44961.19
2023-05-23,20535,18291,80372.0,16625.0,22632.0,139148.0,12375.56,45019.19
2023-05-24,20561,18314,79631.0,16518.0,22501.0,140019.0,12395.57,45415.19
2023-05-27,20591,18335,76944.0,16357.0,22162.0,137186.0,12247.34,44567.39
2023-05-28,20605,18347,74873.0,15899.0,21610.0,132715.0,11829.03,43214.19
2023-05-29,20619,18358,76877.0,16121.0,21869.0,133649.0,11879.05,43422.29
2023-05-30,20634,18370,75935.0,16117.0,21775.0,134949.0,11981.8,43743.79
2023-05-31,20659,18392,73950.0,15825.0,21414.0,132956.0,11834.49,43252.89
2023-06-03,20700,18426,74098.0,15656.0,21335.0,133662.0,11919.06,43344.29
2023-06-06,20731,18448,74181.0,15692.0,21566.0,134483.0,12035.46,43504.99
2023-06-07,20756,18471,71746.0,15751.0,21430.0,134048.0,12003.63,43343.69
2023-06-10,20789,18494,70966.0,15688.0,20796.0,128645.0,11529.85,41675.7
2023-06-11,20803,18506,69069.0,15774.0,20630.0,129003.0,11524.39,41532.3
2023-06-12,20817,18518,68007.0,15127.0,19904.0,124975.0,11394.35,40571.4
2023-06-13,20832,18529,71402.0,15349.0,20492.0,126278.0,11438.91,40428.7
2023-06-14,20859,18555,70970.0,15478.0,20674.0,128329.0,11658.98,41214.0
2023-06-17,20888,18579,71179.0,15605.0,20609.0,128448.0,11581.68,41024.9
2023-06-18,20902,18591,69591.0,15664.0,20534.0,127645.0,11415.27,40477.0
2023-06-19,20916,18603,67944.0,16061.0,20728.0,127677.0,11553.49,40731.8
2023-06-20,20930,18615,68789.0,16342.0,21164.0,128234.0,11501.66,40686.5
2023-06-21,20959,18640,68308.0,16371.0,21207.0,129097.0,11578.05,41108.6
2023-06-24,20988,18664,69477.0,16386.0,21044.0,128439.0,11530.76,41145.2
2023-06-25,21002,18676,69583.0,16515.0,21772.0,129911.0,11636.24,41966.8
2023-06-26,21016,18689,68992.0,16538.0,21813.0,130129.0,11608.96,41952.3
2023-06-27,21032,18701,69108.0,16507.0,21406.0,129279.0,11515.3,41463.4
2023-06-28,21067,18725,68887.0,16597.0,21193.0,128360.0,11382.53,40757.0
2023-07-01,21091,18750,70142.0,16434.0,20941.0,127939.0,11374.35,40536.5
2023-07-02,21105,18762,71528.0,16535.0,21057.0,129341.0,11614.42,41041.7
2023-07-03,21119,18774,71786.0,16774.0,21413.0,132056.0,11839.94,41580.9
2023-07-04,21133,18787,70770.0,17352.0,21958.0,133828.0,12012.72,41966.6
2023-07-05,21168,18811,70427.0,17659.0,22176.0,133501.0,11937.24,41823.7
2023-07-08,21189,18836,70407.0,17785.0,22311.0,133219.0,11962.71,41680.5
2023-07-09,21203,18848,69791.0,17948.0,22683.0,132230.0,11960.89,41371.1
2023-07-10,21217,18861,69000.0,17801.0,22701.0,130324.0,11795.38,40979.5
2023-07-11,21231,18874,67962.0,17873.0,22355.0,128484.0,11635.34,40545.8
2023-07-12,21267,18899,67956.0,17615.0,21841.0,125497.0,11366.16,39491.7
2023-07-15,21288,18916,68683.0,17699.0,21970.0,125679.0,11324.33,39372.8
2023-07-16,21302,18929,67158.0,17667.0,21794.0,122276.0,11031.52,38438.91
2023-07-17,21316,18942,67451.0,17680.0,22001.0,120322.0,10968.77,37508.71
2023-07-18,21330,18954,67977.0,17950.0,22485.0,124445.0,11212.48,38852.4
2023-07-19,21366,18979,67394.0,18498.0,22852.0,124673.0,11173.38,38829.7
2023-07-22,21387,19004,66955.0,18607.0,23128.0,122010.0,10855.1,37738.61
2023-07-23,21401,19017,65843.0,18422.0,23088.0,123697.0,10907.84,38078.71
2023-07-24,21415,19029,66432.0,18108.0,22812.0,124193.0,11117.0,38717.9
2023-07-25,21429,19042,67674.0,18321.0,22875.0,123417.0,11017.88,38846.9
2023-07-26,21465,19067,68858.0,18548.0,23300.0,122594.0,11058.8,38820.9
2023-07-29,21486,19092,68718.0,18863.0,23752.0,122740.0,11033.34,38899.5
2023-07-30,21502,19105,68683.0,19225.0,23819.0,120693.0,10822.36,38329.71
2023-07-31,21516,19118,69392.0,18945.0,23684.0,121250.0,10863.28,38585.0
2023-08-01,21538,19153,72378.0,18738.0,23766.0,122923.0,11072.44,39146.9
2023-08-05,21580,19181,70975.0,18928.0,23969.0,126208.0,11287.96,39959.8
2023-08-06,21593,19194,70370.0,19224.0,23996.0,125174.0,11148.82,39624.2
2023-08-07,21608,19206,70239.0,19093.0,23510.0,126155.0,11220.66,39834.4
2023-08-08,21623,19219,69512.0,18999.0,23437.0,124835.0,11363.43,39390.4
2023-08-09,21658,19244,70044.0,19145.0,23900.0,124925.0,11271.59,39663.7
2023-08-12,21681,19270,67366.0,18797.0,23604.0,120556.0,10923.3,38681.8
2023-08-13,21696,19283,68726.0,18758.0,23686.0,120842.0,10974.23,38705.7
2023-08-14,21711,19295,68659.0,19199.0,23730.0,122079.0,11014.24,38868.1
2023-08-15,21727,19309,68326.0,18913.0,23520.0,120273.0,10846.92,38443.01
2023-08-16,21763,19335,68236.0,19199.0,23309.0,120043.0,10806.9,38203.71
2023-08-19,21784,19360,67342.0,18671.0,22967.0,118152.0,10677.77,37850.91
2023-08-20,21799,19373,67513.0,18980.0,22818.0,118032.0,10617.75,37764.31
2023-08-21,21814,19383,67298.0,18877.0,22798.0,118332.0,10702.33,37952.51
2023-08-22,21830,19396,67866.0,18795.0,22683.0,115815.0,10567.74,37470.31
2023-08-23,21867,19421,68271.0,18883.0,22905.0,118085.0,10823.27,38084.51
2023-08-26,21888,19447,67751.0,19009.0,22918.0,122446.0,11160.65,39244.6
2023-08-27,21903,19460,68043.0,18981.0,22846.0,125853.0,11445.28,40286.9
2023-08-28,21918,19473,67764.0,18943.0,22984.0,126008.0,11559.86,40945.8
2023-08-29,21934,19486,67702.0,18831.0,23039.0,125685.0,11540.76,40724.1
2023-08-30,21969,19511,68019.0,18899.0,23438.0,125768.0,11677.17,40917.4
2023-09-02,21990,19537,68069.0,18912.0,23791.0,125909.0,11653.52,40940.1
2023-09-03,22006,19550,69303.0,18967.0,23859.0,126183.0,11694.44,41074.6
2023-09-04,22022,19563,68813.0,19180.0,23738.0,128162.0,11832.67,41826.5
2023-09-05,22066,19602,68363.0,19068.0,23798.0,129928.0,11979.08,42146.0
2023-09-09,22087,19628,68749.0,19234.0,23819.0,127276.0,11816.3,41188.3
2023-09-10,22102,19641,68361.0,19108.0,23760.0,127040.0,11622.6,41207.0
2023-09-11,22117,19654,68309.0,19109.0,23910.0,127415.0,11655.34,41391.6
2023-09-12,22133,19666,67857.0,19088.0,23912.0,128445.0,11803.57,41624.7
2023-09-13,22183,19706,68394.0,19106.0,23950.0,128992.0,11809.02,41566.0
2023-09-17,22207,19732,68162.0,19149.0,23999.0,129777.0,11864.5,41736.0
2023-09-18,22222,19745,67513.0,19429.0,24465.0,129156.0,11889.96,41654.2
2023-09-19,22237,19758,67515.0,19248.0,24561.0,128510.0,11825.39,41493.3
2023-09-20,22274,19784,67059.0,19011.0,24563.0,127782.0,11916.33,41274.7
2023-09-23,22306,19811,66649.0,18935.0,24821.0,127710.0,11797.2,41222.9
2023-09-25,22328,19837,66236.0,18912.0,24994.0,126060.0,11668.07,40884.1
2023-09-26,22344,19850,66049.0,18921.0,24813.0,125881.0,11683.53,40764.0
2023-09-27,22381,19877,65749.0,18876.0,24835.0,125933.0,11619.88,40822.1
2023-09-30,22403,19903,65111.0,18890.0,24697.0,125294.0,11603.51,40664.1
2023-10-01,22419,19916,65481.0,19057.0,24811.0,123899.0,11484.38,40073.4
2023-10-02,22446,19930,65576.0,19155.0,24844.0,124428.0,11533.49,40265.1
2023-10-04,22487,19969,65333.0,19476.0,25291.0,124954.0,11543.49,40472.3
2023-10-07,22509,19996,67074.0,19896.0,25902.0,123431.0,11448.01,40425.3
2023-10-08,22524,20009,72093.0,19790.0,25935.0,119480.0,11052.43,39127.9
2023-10-09,22539,20023,73527.0,20008.0,26269.0,121133.0,11048.79,39203.5
2023-10-10,22554,20036,70298.0,19726.0,26226.0,122019.0,11190.66,39579.7
2023-10-11,22592,20063,70143.0,19561.0,25994.0,122840.0,11177.01,39955.5
2023-10-14,22614,20089,71196.0,19164.0,25708.0,120825.0,11059.71,39265.3
2023-10-15,22629,20103,70444.0,18954.0,25088.0,121069.0,11009.69,39443.1
2023-10-16,22644,20116,69175.0,18766.0,24769.0,123078.0,11188.84,39948.2
2023-10-17,22659,20128,69747.0,18912.0,24977.0,123414.0,11261.59,40009.5
2023-10-18,22697,20155,71227.0,18778.0,25027.0,121916.0,11087.9,39508.6
2023-10-21,22719,20182,70440.0,18758.0,24967.0,123054.0,11147.92,39850.9
2023-10-22,22734,20195,70832.0,18600.0,25077.0,123831.0,11239.76,40077.3
2023-10-23,22749,20209,70840.0,18344.0,24813.0,122423.0,11119.72,39717.7
2023-10-24,22764,20222,70869.0,17957.0,24458.0,121114.0,11082.44,39604.9
2023-10-25,22802,20249,71324.0,18073.0,24486.0,121389.0,11032.43,39428.4
2023-10-28,22824,20277,74334.0,19053.0,24844.0,117391.0,10675.95,38363.71
2023-10-29,22840,20291,72554.0,19752.0,24968.0,119331.0,10754.16,38722.2
2023-10-30,22855,20303,71890.0,19621.0,24971.0,121288.0,10921.48,39187.7
2023-10-31,22871,20318,72482.0,20031.0,25058.0,121055.0,10890.56,39174.0
2023-11-01,22909,20344,72670.0,21363.0,25934.0,119731.0,10785.99,38989.5
2023-11-04,22931,20372,71802.0,22674.0,26642.0,123439.0,11144.28,39828.4
2023-11-05,22947,20385,72020.0,22224.0,26283.0,123007.0,11182.47,39906.7
2023-11-06,22963,20398,71627.0,22450.0,26141.0,124201.0,11332.52,40478.4
2023-11-07,22978,20413,71111.0,22582.0,26067.0,126086.0,11576.23,41344.6
2023-11-08,23017,20439,71285.0,22820.0,26099.0,125815.0,11563.5,41288.9
2023-11-11,23039,20467,71184.0,23124.0,26429.0,125251.0,11549.85,41270.5
2023-11-12,23056,20480,71003.0,22539.0,26291.0,124788.0,11488.93,41034.5
2023-11-13,23072,20494,71083.0,22466.0,26270.0,124996.0,11534.4,41076.1
2023-11-14,23088,20508,70692.0,22730.0,26586.0,123713.0,11473.47,40720.9
2023-11-15,23127,20534,70941.0,22771.0,26359.0,122911.0,11437.09,40606.0
2023-11-18,23149,20563,70672.0,22265.0,25997.0,122297.0,11444.37,40606.0
2023-11-19,23166,20575,70524.0,22213.0,25974.0,122433.0,11447.1,40606.0
2023-11-20,23182,20589,69934.0,21863.0,25959.0,121513.0,11379.8,40606.0
2023-11-21,23198,20603,70351.0,21728.0,25992.0,122167.0,11390.72,40306.0
2023-11-22,23237,20630,70486.0,21793.0,26015.0,122727.0,11430.73,40373.0
2023-11-25,23260,20658,70883.0,22287.0,26465.0,122518.0,11449.82,40343.0
2023-11-26,23276,20672,70773.0,22893.0,26772.0,122652.0,11452.55,40398.0
2023-11-27,23293,20686,70843.0,22988.0,26660.0,122801.0,11468.92,40421.0
2023-11-28,23309,20699,70784.0,22954.0,26848.0,123012.0,11521.66,40821.0
2023-11-29,23348,20727,71153.0,22773.0,26759.0,126040.0,11705.36,41372.0
2023-12-02,23371,20754,72370.0,22968.0,26563.0,128530.0,11947.25,42220.0
2023-12-03,23387,20769,72481.0,22750.0,26518.0,129881.0,12194.6,42666.0
2023-12-04,23403,20781,72663.0,22809.0,26561.0,130661.0,12263.71,42919.0
2023-12-05,23419,20796,71923.0,22871.0,26550.0,130643.0,12226.42,42900.0
2023-12-06,23458,20823,71680.0,22888.0,26583.0,130452.0,12199.14,42711.0
2023-12-09,23481,20851,71229.0,22806.0,26623.0,129467.0,12204.6,42524.0
2023-12-10,23497,20864,71367.0,22498.0,26656.0,130026.0,12180.05,42740.0
2023-12-11,23513,20878,71080.0,22792.0,26701.0,129961.0,12228.24,42682.0
2023-12-12,23529,20893,71045.0,22261.0,26642.0,129659.0,12240.06,42656.0
2023-12-13,23568,20921,71114.0,22636.0,26740.0,129459.0,12170.04,42621.0
2023-12-16,23601,20948,71310.0,22558.0,26537.0,130964.0,12280.98,42896.0
2023-12-18,23624,20976,71094.0,22427.0,26510.0,133541.0,12581.08,43919.0
2023-12-19,23640,20990,71044.0,22447.0,26539.0,133738.0,12521.97,43974.0
2023-12-20,23680,21020,71092.0,22431.0,26439.0,133705.0,12508.33,43689.0
2023-12-23,23703,21047,71734.0,22443.0,26514.0,133478.0,12521.06,43834.0
2023-12-24,23719,21061,71646.0,22484.0,26494.0,132370.0,12460.13,43651.0
2023-12-25,23735,21075,71407.0,22425.0,26483.0,132188.0,12457.4,43661.0
2023-12-26,23751,21089,71754.0,22386.0,26420.0,131408.0,12381.02,43211.0
2023-12-27,23791,21117,71925.0,22495.0,26481.0,131755.0,12372.83,43129.0
2023-12-30,23814,21145,72729.0,22591.0,26861.0,132654.0,12463.77,43344.0
2023-12-31,23833,21159,72648.0,24066.0,28070.0,132267.0,12401.02,43240.0
2024-01-01,23849,21174,72731.0,24766.0,28509.0,131866.0,12369.19,43047.0
2024-01-02,23867,21187,73601.0,23827.0,27867.0,131363.0,12303.72,42848.0
2024-01-03,23907,21216,74128.0,23225.0,27658.0,131173.0,12251.89,42834.0
2024-01-06,23930,21244,73784.0,23689.0,27827.0,131425.0,12275.53,42756.0
2024-01-07,23948,21260,74580.0,24264.0,27754.0,131764.0,12300.99,42684.0
2024-01-08,23966,21273,74665.0,24248.0,27675.0,131890.0,12418.3,42588.0
2024-01-09,23984,21288,75036.0,23992.0,27306.0,132012.0,12412.84,42800.0
2024-01-10,24019,21317,78144.0,24161.0,27553.0,133393.0,12540.15,43413.0
2024-01-13,24042,21346,81443.0,25117.0,28069.0,134702.0,12537.43,43592.0
2024-01-14,24061,21360,81598.0,25590.0,28427.0,135865.0,12586.53,44117.0
2024-01-15,24080,21375,78248.0,25291.0,28077.0,134882.0,12560.16,43712.0
2024-01-16,24100,21390,80202.0,25175.0,28044.0,134348.0,12500.14,43455.0
2024-01-17,24135,21419,79985.0,25229.0,28123.0,134678.0,12496.5,43514.0
2024-01-20,24158,21448,80291.0,25629.0,28221.0,133078.0,12431.03,42930.0
2024-01-21,24177,21463,82490.0,25982.0,28617.0,131985.0,12315.54,42615.0
2024-01-22,24199,21478,83066.0,26108.0,29001.0,131661.0,12315.54,42602.0
2024-01-23,24218,21493,86348.0,26358.0,29406.0,129544.0,12138.21,42194.0
2024-01-24,24254,21522,86525.0,27367.0,30112.0,130542.0,12209.15,42477.0
2024-01-27,24278,21551,87113.0,28343.0,30772.0,130680.0,12245.52,42433.0
2024-01-28,24297,21566,85456.0,28454.0,31047.0,130783.0,12352.82,42419.0
2024-01-29,24316,21580,87688.0,29022.0,32173.0,130049.0,12249.16,42271.0
2024-01-30,24335,21595,87240.0,29413.0,32151.0,128988.0,12237.34,42110.0
2024-01-31,24371,21624,85091.0,28703.0,31234.0,129363.0,12150.04,42000.0
2024-02-03,24395,21653,81683.0,28982.0,31899.0,129850.0,12182.77,42234.0
2024-02-04,24414,21669,80456.0,29232.0,31938.0,128939.0,12114.57,42046.0
2024-02-05,24433,21682,79616.0,28285.0,31051.0,129185.0,12076.38,41876.0
2024-02-06,24452,21698,81678.0,28659.0,31480.0,128429.0,12077.29,41680.0
2024-02-07,24488,21728,83694.0,28892.0,31647.0,128294.0,12104.57,41800.0
2024-02-10,24527,21757,83127.0,29309.0,32161.0,128459.0,12080.92,41972.0
2024-02-12,24551,21786,84649.0,29334.0,32485.0,127152.0,11992.72,41612.0
2024-02-13,24570,21801,84176.0,29085.0,32193.0,126876.0,11979.08,41429.0
2024-02-14,24606,21831,84024.0,29391.0,32565.0,126589.0,11860.86,41410.0
2024-02-17,24630,21861,84759.0,29682.0,33090.0,125204.0,11785.38,40954.0
2024-02-18,24649,21876,86051.0,29979.0,33158.0,126117.0,11869.04,41233.0
2024-02-19,24668,21891,85643.0,30997.0,33759.0,126539.0,11961.8,41468.0
2024-02-20,24688,21905,84254.0,31088.0,33426.0,126420.0,11953.61,41377.0
2024-02-21,24727,21935,85454.0,29942.0,33001.0,125808.0,11970.89,41266.0
2024-02-24,24766,21965,86263.0,29952.0,33035.0,125111.0,11845.4,41059.0
2024-02-26,24790,21994,85860.0,30763.0,33610.0,123492.0,11656.25,40608.0
2024-02-27,24810,22009,85569.0,30957.0,33584.0,123917.0,11621.69,40606.0
2024-02-28,24851,22040,84848.0,30799.0,33639.0,124569.0,11694.44,40933.0
2024-03-02,24875,22069,86768.0,31039.0,34073.0,129497.0,12019.09,42344.0
2024-03-03,24894,22085,85157.0,30995.0,34213.0,133339.0,12304.63,43489.0
2024-03-04,24916,22100,86642.0,31819.0,35269.0,130758.0,12210.05,42830.0
2024-03-05,24938,22114,88594.0,33435.0,36363.0,133612.0,12378.29,43801.0
2024-03-06,24980,22145,89117.0,33984.0,36691.0,133418.0,12359.19,44020.0
2024-03-09,25002,22175,90661.0,35457.0,38096.0,133418.0,12468.31,44020.0
2024-03-10,25024,22191,88170.0,34241.0,37839.0,131348.0,12441.03,43630.0
2024-03-11,25046,22205,88686.0,33401.0,37208.0,132184.0,12411.93,43519.0
2024-03-12,25068,22221,88426.0,33729.0,37130.0,131329.0,12441.03,43471.0
2024-03-13,25108,22251,87541.0,33170.0,36459.0,129931.0,12403.75,43121.0
2024-03-16,25130,22280,88192.0,33520.0,37197.0,129807.0,12379.2,42974.0
2024-03-17,25152,22297,90014.0,33932.0,37834.0,131309.0,12490.14,43756.0
2024-03-18,25210,22361,92803.0,34623.0,38533.0,134836.0,12788.41,44493.0
2024-03-24,25280,22408,96832.0,35197.0,39234.0,139836.0,13192.17,45602.0
2024-03-25,25303,22423,95037.0,35739.0,40296.0,138964.0,13222.18,45471.0
2024-03-26,25325,22439,93459.0,35807.0,40526.0,137882.0,13162.16,45227.0
2024-03-27,25371,22471,95759.0,35754.0,40547.0,138631.0,13216.72,45638.0
2024-03-30,25418,22519,98366.0,35975.0,40532.0,138524.0,13200.35,45282.0
2024-04-02,25443,22551,104263.0,36098.0,40552.0,136594.0,13018.48,44850.0
2024-04-03,25488,22583,106340.0,35875.0,40079.0,137749.0,13211.27,45109.0
2024-04-06,25513,22614,110764.0,35645.0,39495.0,136023.0,13031.21,44597.0
2024-04-07,25535,22631,104848.0,37393.0,41095.0,136135.0,13029.39,44881.0
2024-04-08,25557,22647,101737.0,37742.0,40970.0,137622.0,13197.63,45756.0
2024-04-09,25605,22695,107146.0,37001.0,41021.0,137398.0,13175.8,45603.0
2024-04-13,25638,22727,114534.0,38078.0,41929.0,132756.0,12812.05,44232.0
2024-04-14,25663,22743,113822.0,38986.0,42864.0,130440.0,12557.43,43357.0
2024-04-15,25688,22758,108652.0,38866.0,42974.0,133015.0,12736.58,44209.0
2024-04-16,25713,22774,111530.0,39056.0,42843.0,131105.0,12578.35,43371.0
2024-04-17,25759,22808,112539.0,39051.0,42610.0,133612.0,12807.51,44190.0
2024-04-20,25784,22839,107180.0,38097.0,42125.0,141728.0,13465.89,46753.0
2024-04-21,25806,22856,107681.0,37549.0,41678.0,141130.0,13614.12,47044.0
2024-04-22,25829,22873,106089.0,37933.0,41996.0,140133.0,13525.91,46525.0
2024-04-23,25852,22889,103132.0,36995.0,41164.0,139169.0,13441.34,45992.0
2024-04-24,25893,22922,101948.0,36709.0,40750.0,139611.0,13510.45,46340.0
2024-04-27,25916,22954,100015.0,36889.0,41456.0,139384.0,13508.63,46125.0
2024-04-28,25939,22972,99864.0,36684.0,40898.0,137745.0,13371.31,45060.0
2024-04-29,25962,22988,103589.0,36128.0,40478.0,137956.0,13389.5,45276.0
2024-04-30,25986,23005,106493.0,35498.0,39636.0,137251.0,13286.74,44959.0
2024-05-01,26050,23055,104297.0,35775.0,39878.0,137682.0,13269.47,45029.0
2024-05-05,26073,23088,103536.0,35662.0,39650.0,137120.0,13215.81,44822.0
2024-05-06,26096,23104,105281.0,35252.0,39125.0,135196.0,13122.15,44411.0
2024-05-07,26120,23121,103524.0,34992.0,39042.0,135143.0,13103.96,44371.0
2024-05-08,26164,23155,101785.0,34292.0,38433.0,133976.0,13085.77,44318.0
2024-05-11,26187,23187,101024.0,32557.0,37434.0,132962.0,12963.92,43870.0
2024-05-12,26210,23204,99284.0,31148.0,36380.0,131970.0,12814.78,43676.0
2024-05-13,26233,23222,97622.0,32146.0,37072.0,129788.0,12677.47,42886.0
2024-05-14,26257,23238,97693.0,31809.0,36443.0,130075.0,12701.11,42974.0
2024-05-15,26301,23272,98301.0,32019.0,36581.0,130081.0,12773.86,43173.0
2024-05-18,26324,23304,97184.0,32815.0,37669.0,129627.0,12706.57,42700.0
2024-05-19,26347,23322,97376.0,33390.0,38557.0,126228.0,12338.28,41564.0
2024-05-21,26397,23389,97284.0,34494.0,39059.0,126385.0,12394.66,41440.0
2024-05-25,26467,23423,95132.0,34070.0,39097.0,124750.0,12250.98,40998.0
2024-05-26,26491,23440,94452.0,33588.0,38523.0,121862.0,12048.19,40013.0
2024-05-27,26514,23455,95771.0,33465.0,38436.0,122445.0,12018.18,39925.0
2024-05-28,26538,23472,99837.0,34084.0,39110.0,125915.0,12283.71,41359.0
2024-05-29,26582,23507,98881.0,33840.0,39072.0,126944.0,12330.09,42483.0
2024-06-01,26609,23540,96437.0,33759.0,39219.0,124762.0,12270.98,41481.0
2024-06-02,26656,23575,97843.0,34559.0,40476.0,124301.0,12077.29,41147.0
2024-06-05,26717,23626,97612.0,34448.0,40486.0,124350.0,12185.5,40894.0
2024-06-08,26748,23660,96329.0,34554.0,40297.0,122440.0,12007.27,40041.0
2024-06-09,26772,23678,96413.0,34234.0,39541.0,123559.0,11975.44,40365.0
2024-06-10,26795,23696,95365.0,34003.0,39326.0,126468.0,12187.32,41460.0
2024-06-11,26818,23713,95214.0,33672.0,39418.0,125187.0,12142.76,41007.0
2024-06-12,26865,23749,95037.0,33314.0,38930.0,124791.0,12120.03,40482.0
2024-06-15,26891,23783,95355.0,33091.0,38547.0,123661.0,12146.4,40192.0
2024-06-16,26928,23802,95623.0,32816.0,38589.0,123161.0,12167.31,39929.0
2024-06-18,26965,23835,95437.0,32518.0,38554.0,123014.0,11953.61,39818.0
2024-06-19,27013,23872,95554.0,31963.0,38336.0,124831.0,12122.76,40797.0
2024-06-22,27039,23907,96365.0,32209.0,38525.0,124582.0,11988.17,40515.0
2024-06-23,27062,23925,98630.0,32005.0,38325.0,125095.0,12075.47,40495.0
2024-06-24,27097,23951,100741.0,32169.0,38675.0,127200.0,12221.88,41493.0
2024-06-26,27148,23996,99324.0,31850.0,38425.0,129293.0,12320.09,42026.0
2024-06-29,27175,24030,100487.0,31778.0,38096.0,129819.0,12294.63,41640.0
2024-06-30,27200,24048,103158.0,31881.0,37770.0,126797.0,12169.13,40872.0
2024-07-01,27225,24067,102179.0,32424.0,37708.0,128131.0,12249.16,41252.0
2024-07-02,27250,24084,102420.0,32118.0,37660.0,130733.0,12387.38,41756.0
2024-07-03,27293,24120,100541.0,31753.0,37689.0,131149.0,12495.6,41962.0
2024-07-06,27319,24155,96342.0,32151.0,38109.0,140778.0,13553.19,45640.0
2024-07-07,27343,24174,98411.0,31603.0,38058.0,136018.0,13369.5,44533.0
2024-07-08,27368,24192,97564.0,32150.0,38546.0,136186.0,13176.71,43731.0
2024-07-09,27392,24210,96044.0,32126.0,38359.0,136126.0,13137.61,43475.0
2024-07-10,27435,24246,96212.0,31814.0,38134.0,135500.0,13019.39,43187.0
2024-07-13,27462,24281,95564.0,31790.0,38154.0,135986.0,12967.56,43202.0
2024-07-14,27517,24317,96776.0,31962.0,38629.0,136423.0,12997.57,43340.0
2024-07-17,27571,24371,97791.0,32115.0,38523.0,137280.0,12973.01,43338.0
2024-07-20,27598,24407,96214.0,32274.0,38415.0,136017.0,12984.83,43185.0
2024-07-21,27622,24426,96724.0,32031.0,37808.0,134909.0,12801.14,42799.0
2024-07-22,27646,24444,96547.0,32128.0,38182.0,135332.0,12758.4,42800.0
2024-07-23,27670,24461,97809.0,32186.0,38261.0,136957.0,12873.89,43026.0
2024-07-24,27716,24498,98173.0,32209.0,38107.0,136871.0,12899.35,43871.0
2024-07-27,27744,24533,98733.0,32098.0,38334.0,136958.0,12819.33,43409.0
2024-07-29,27799,24571,100744.0,32398.0,38609.0,135426.0,12601.99,42930.0
2024-07-30,27823,24589,101420.0,33024.0,39203.0,134350.0,12435.58,42581.0
2024-07-31,27869,24625,103663.0,33204.0,39058.0,127973.0,12015.45,40892.0
2024-08-03,27896,24662,106042.0,32859.0,38879.0,122683.0,11912.69,40080.0
2024-08-04,27920,24680,104030.0,33389.0,39327.0,124246.0,11998.17,40550.0
2024-08-05,27945,24698,104602.0,33046.0,39423.0,124738.0,11896.32,40387.0
2024-08-06,27970,24716,105389.0,32684.0,38821.0,124770.0,11914.51,40425.0
2024-08-10,28053,24790,102643.0,32441.0,38556.0,126834.0,12026.36,40930.0
2024-08-11,28077,24808,100572.0,32469.0,38386.0,127102.0,11988.17,40854.0
2024-08-12,28101,24827,101824.0,32171.0,38333.0,126551.0,11904.51,40194.0
2024-08-13,28125,24845,101098.0,31822.0,38246.0,126004.0,11795.38,40084.0
2024-08-14,28172,24882,100984.0,31793.0,38235.0,128524.0,12030.0,40875.0
2024-08-17,28199,24918,100726.0,31838.0,37933.0,131074.0,12030.0,41691.0
2024-08-18,28223,24937,100127.0,31603.0,38072.0,133666.0,12030.0,42454.0
2024-08-19,28248,24956,102119.0,31325.0,38045.0,131431.0,12200.0,42054.0
2024-08-20,28273,24974,102566.0,31011.0,37545.0,131049.0,12160.0,41490.0
2024-08-21,28320,25012,102274.0,30860.0,37065.0,132394.0,12230.0,41855.0
2024-08-24,28363,25058,102819.0,31619.0,37751.0,135019.0,12440.0,42656.0
2024-08-26,28405,25086,104259.0,32521.0,38234.0,133802.0,12370.0,42345.0
2024-08-27,28431,25105,103264.0,32907.0,38106.0,134348.0,12410.0,42383.0
2024-08-28,28479,25142,103521.0,32556.0,37732.0,136313.0,12530.0,42910.0
2024-08-31,28507,25178,103836.0,32785.0,38609.0,139039.0,12780.0,43767.0
2024-09-01,28559,25207,104484.0,32752.0,38818.0,137743.0,12670.0,43330.0
2024-09-03,28633,25263,104820.0,32173.0,38404.0,136702.0,12580.0,43046.0
2024-09-07,28661,25308,104029.0,32113.0,38624.0,136494.0,12540.0,43139.0
2024-09-08,28686,25327,103564.0,32072.0,38302.0,135445.0,12390.0,42547.0
2024-09-09,28712,25346,103745.0,32386.0,38538.0,137497.0,12540.0,43306.0
2024-09-10,28739,25365,104053.0,32048.0,38408.0,136794.0,12520.0,43026.0
2024-09-11,28778,25402,104803.0,32102.0,38336.0,136340.0,12510.0,42557.0
2024-09-14,28814,25440,106197.0,31900.0,38205.0,135726.0,12450.0,42476.0
2024-09-15,28840,25458,105497.0,31997.0,38482.0,134918.0,12440.0,42461.0
2024-09-16,28865,25478,105842.0,31902.0,38397.0,136009.0,12510.0,42847.0
2024-09-17,28890,25497,106496.0,31823.0,38410.0,138321.0,12740.0,43318.0
2024-09-18,28967,25545,107377.0,31799.0,37933.0,139287.0,12800.0,43395.0
2024-09-22,28992,25591,109328.0,31915.0,38004.0,138878.0,12810.0,43237.0
2024-09-23,29017,25612,110905.0,32134.0,38073.0,141249.0,12990.0,43699.0
2024-09-24,29042,25631,113377.0,32094.0,38099.0,145068.0,13330.0,44741.0
2024-09-25,29083,25671,111573.0,32320.0,38340.0,144245.0,13200.0,44472.0
2024-09-28,29120,25711,116321.0,33524.0,39821.0,142803.0,13070.0,44028.0
2024-09-29,29145,25730,113569.0,33137.0,39672.0,141394.0,13120.0,43592.0
2024-09-30,29171,25750,113876.0,33317.0,40356.0,140283.0,13010.0,43361.0
2024-10-01,29197,25770,115264.0,34049.0,43214.0,138937.0,12910.0,42950.0
2024-10-02,29237,25810,116812.0,35225.0,45891.0,137550.0,12790.0,42523.0
2024-10-05,29269,25849,117393.0,34357.0,44828.0,136248.0,12670.0,42122.0
2024-10-06,29294,25869,121932.0,34626.0,43843.0,134889.0,12550.0,41701.0
2024-10-07,29320,25890,120021.0,33660.0,41556.0,135618.0,12470.0,41728.0
2024-10-08,29345,25910,118077.0,33998.0,41639.0,136893.0,12560.0,42144.0
2024-10-09,29385,25949,117207.0,33285.0,40925.0,137828.0,12620.0,42408.0
2024-10-12,29422,25988,117340.0,33136.0,40488.0,140958.0,12890.0,43334.0
2024-10-13,29448,26010,118424.0,33507.0,40755.0,142911.0,13080.0,43638.0
2024-10-14,29474,26030,120692.0,34361.0,41309.0,139943.0,12840.0,42673.0
2024-10-15,29500,26050,119889.0,34053.0,41485.0,137001.0,12480.0,42125.0
2024-10-16,29540,26090,121864.0,34045.0,41076.0,138074.0,12530.0,42550.0
2024-10-19,29577,26129,124975.0,34546.0,41443.0,136029.0,12620.0,41984.0
2024-10-20,29605,26149,127811.0,35059.0,41810.0,133511.0,12310.0,41280.0
2024-10-21,29634,26170,127996.0,34340.0,40558.0,134231.0,12320.0,41662.0
2024-10-22,29663,26191,128248.0,34174.0,40296.0,134030.0,12220.0,41389.0
2024-10-23,29704,26231,131304.0,33356.0,39642.0,131402.0,11980.0,40509.0
2024-10-26,29745,26270,120961.0,32300.0,38902.0,135344.0,12330.0,41724.0
2024-10-27,29774,26292,123584.0,32501.0,39474.0,139404.0,12690.0,42975.0
2024-10-28,29805,26312,127405.0,32976.0,40295.0,142862.0,12920.0,44174.0
2024-10-29,29831,26332,132021.0,33064.0,40882.0,139261.0,12710.0,43531.0
2024-10-30,29874,26373,132934.0,32868.0,40491.0,141149.0,12800.0,43498.0
2024-11-02,29913,26413,131141.0,32205.0,39523.0,141033.0,12840.0,44002.0
2024-11-03,29939,26433,134801.0,32485.0,39660.0,136878.0,12520.0,42781.0
2024-11-04,29965,26454,131104.0,31834.0,38773.0,136492.0,12440.0,42896.0
2024-11-05,29991,26474,129388.0,31447.0,38562.0,138932.0,12710.0,43659.0
2024-11-06,30035,26515,132972.0,31746.0,39047.0,136495.0,12590.0,43062.0
2024-11-09,30075,26556,129372.0,31950.0,39319.0,140544.0,12960.0,44341.0
2024-11-10,30101,26577,125110.0,31968.0,39134.0,144760.0,13240.0,45546.0
2024-11-11,30127,26597,120047.0,31193.0,38088.0,144417.0,13160.0,45174.0
2024-11-12,30153,26618,121907.0,30184.0,37616.0,143755.0,13140.0,44812.0
2024-11-13,30198,26659,124832.0,30847.0,38220.0,144883.0,13300.0,45263.0
2024-11-16,30238,26699,123240.0,30600.0,38158.0,148973.0,13680.0,46574.0
2024-11-17,30264,26719,123298.0,29999.0,37598.0,147328.0,13690.0,46658.0
2024-11-18,30290,26741,123885.0,29935.0,37695.0,150527.0,13990.0,47776.0
2024-11-19,30316,26762,127229.0,30290.0,38462.0,149525.0,13880.0,47611.0
2024-11-20,30361,26803,130199.0,30400.0,39717.0,147324.0,13740.0,47245.0
2024-11-23,30400,26844,133450.0,30728.0,39911.0,150854.0,13970.0,48249.0
2024-11-24,30426,26865,130659.0,30740.0,39131.0,155260.0,14370.0,49654.0
2024-11-25,30452,26886,128038.0,30718.0,38523.0,159792.0,14780.0,51136.0
2024-11-26,30478,26906,128268.0,30930.0,38588.0,157696.0,14680.0,51007.0
2024-11-27,30523,26948,129032.0,30805.0,37965.0,157827.0,14750.0,50791.0
2024-11-30,30562,26972,131966.0,30897.0,38405.0,156000.0,14610.0,50269.0
2024-12-01,30588,26997,130014.0,30638.0,38247.0,154812.0,14480.0,50226.0
2024-12-02,30614,27024,131157.0,30473.0,38195.0,159343.0,14900.0,51673.0
2024-12-03,30643,27050,132372.0,30566.0,38135.0,161827.0,15170.0,52456.0
2024-12-04,30690,27092,132878.0,30342.0,38180.0,161986.0,15280.0,52294.0
2024-12-07,30731,27118,132169.0,30124.0,38027.0,158760.0,14960.0,51182.0
2024-12-08,30760,27144,133669.0,29837.0,37826.0,158040.0,14970.0,51211.0
2024-12-09,30789,27170,134394.0,30451.0,38755.0,162767.0,15410.0,52739.0
2024-12-10,30818,27196,136129.0,30333.0,38523.0,164289.0,15510.0,53062.0
2024-12-11,30864,27238,140085.0,31859.0,39530.0,166759.0,15690.0,53355.0
2024-12-14,30905,27264,143487.0,33680.0,41291.0,171761.0,16160.0,54955.0
2024-12-15,30934,27291,143723.0,32883.0,40468.0,176586.0,16600.0,56603.0
2024-12-16,30963,27317,145942.0,32079.0,39399.0,177309.0,16510.0,57073.0
2024-12-17,30992,27344,147496.0,32538.0,39761.0,173356.0,16280.0,55804.0
2024-12-18,31038,27386,145018.0,31747.0,39103.0,171358.0,16140.0,55310.0
2024-12-21,31082,27412,140492.0,31935.0,39024.0,176479.0,16620.0,56966.0
2024-12-22,31111,27439,138566.0,31585.0,38400.0,176508.0,16710.0,57403.0
2024-12-23,31140,27465,143032.0,31137.0,38530.0,178097.0,16940.0,58173.0
2024-12-24,31171,27492,143578.0,30847.0,38195.0,181576.0,17370.0,59646.0
2024-12-25,31217,27534,141890.0,30370.0,38187.0,178996.0,17200.0,59495.0
2024-12-28,31260,27561,145024.0,30737.0,38810.0,180131.0,17210.0,58765.0
2024-12-29,31287,27587,142115.0,30719.0,38588.0,177005.0,16740.0,58022.0
2024-12-30,31314,27614,140956.0,31309.0,38673.0,175220.0,16570.0,57493.0
2024-12-31,31341,27641,142383.0,31143.0,38265.0,177576.0,16730.0,58549.0
2025-01-01,31387,27683,142182.0,30741.0,38043.0,180321.0,16950.0,59161.0
2025-01-04,31431,27709,140164.0,30653.0,38115.0,185605.0,17450.0,60771.0
2025-01-05,31459,27737,139942.0,30490.0,37885.0,185783.0,17240.0,60978.0
2025-01-06,31486,27762,139056.0,30596.0,38015.0,186772.0,17260.0,60859.0
2025-01-07,31515,27789,141408.0,30807.0,38272.0,191643.0,17590.0,62318.0
2025-01-08,31563,27833,143499.0,31406.0,38596.0,194058.0,17620.0,63164.0
2025-01-11,31611,27869,147393.0,31892.0,38952.0,191606.0,17330.0,62743.0
2025-01-12,31639,27905,146401.0,32797.0,39946.0,186361.0,16930.0,61410.0
2025-01-13,31686,27941,147673.0,33416.0,40342.0,189399.0,17090.0,62314.0
2025-01-15,31742,27983,146295.0,34182.0,40985.0,190901.0,17410.0,62528.0
2025-01-18,31796,28011,145781.0,33411.0,40418.0,186492.0,17110.0,60802.0
2025-01-19,31825,28037,146747.0,33055.0,40426.0,187396.0,17260.0,60727.0
2025-01-20,31853,28065,147480.0,32719.0,39876.0,184384.0,17070.0,59992.0
2025-01-21,31881,28092,150171.0,33213.0,40162.0,184853.0,16870.0,59917.0
2025-01-22,31927,28134,154383.0,34055.0,40809.0,190310.0,17370.0,61712.0
2025-01-25,31971,28167,157199.0,34501.0,41426.0,192610.0,17420.0,61985.0
2025-01-26,31999,28195,158147.0,35398.0,42827.0,191324.0,17300.0,61502.0
2025-01-27,32051,28236,157419.0,35471.0,43208.0,190340.0,17190.0,60957.0
2025-01-29,32113,28295,156666.0,34956.0,42661.0,191714.0,17160.0,61217.0
2025-02-01,32151,28323,160120.0,34892.0,42387.0,187365.0,16920.0,60455.0
2025-02-02,32180,28351,162633.0,34593.0,42156.0,188388.0,17070.0,60732.0
2025-02-03,32208,28379,163352.0,35255.0,43211.0,188608.0,17100.0,60804.0
2025-02-04,32236,28407,163712.0,35064.0,42874.0,192109.0,17330.0,61515.0
2025-02-05,32280,28451,168849.0,35048.0,42831.0,189618.0,17160.0,61306.0
2025-02-09,32353,28523,185418.0,36863.0,44817.0,194309.0,17330.0,61788.0
2025-02-11,32412,28565,181346.0,37082.0,44842.0,189898.0,16940.0,60949.0
2025-02-15,32499,28638,184158.0,37132.0,44969.0,184208.0,16510.0,59529.0
2025-02-16,32536,28667,182999.0,36664.0,44315.0,178822.0,16030.0,58999.0
2025-02-17,32573,28695,185706.0,36251.0,43599.0,181517.0,16290.0,59737.0
2025-02-18,32608,28724,190168.0,36020.0,43328.0,183046.0,16420.0,59934.0
2025-02-19,32653,28769,199082.0,36955.0,44180.0,183779.0,16470.0,60320.0
2025-02-22,32692,28798,208528.0,37516.0,44657.0,181978.0,16580.0,59822.0
2025-02-23,32731,28826,199672.0,36648.0,43889.0,185873.0,16870.0,60529.0
2025-02-24,32769,28855,200596.0,36169.0,43507.0,190141.0,17240.0,62107.0
2025-02-25,32807,28882,192928.0,36144.0,43438.0,191405.0,17290.0,62541.0
2025-02-26,32852,28929,196787.0,36213.0,43287.0,188332.0,17200.0,61347.0
2025-03-01,32892,28958,187772.0,35874.0,42803.0,188958.0,17370.0,61277.0
2025-03-02,32927,28987,185625.0,35514.0,42585.0,189815.0,17470.0,61429.0
2025-03-03,32962,29015,180915.0,34809.0,41802.0,184121.0,17000.0,59595.0
2025-03-04,32997,29044,184352.0,34576.0,41587.0,183416.0,17090.0,59640.0
2025-03-05,33037,29090,180296.0,34022.0,40898.0,181922.0,16970.0,59053.0
2025-03-08,33077,29118,187988.0,34126.0,40797.0,178097.0,16800.0,57868.0
2025-03-09,33112,29148,193836.0,34491.0,41213.0,173370.0,16370.0,56913.0
2025-03-10,33147,29178,192482.0,34406.0,40677.0,176001.0,16590.0,57524.0
2025-03-11,33182,29207,190389.0,35206.0,41318.0,174390.0,16470.0,57409.0
2025-03-12,33222,29256,189512.0,35164.0,41184.0,175118.0,16460.0,57615.0
2025-03-15,33263,29287,189811.0,34840.0,41088.0,180298.0,16890.0,59253.0
2025-03-16,33301,29317,195507.0,35066.0,41407.0,179356.0,16860.0,59025.0
2025-03-17,33333,29348,207309.0,36348.0,43396.0,178324.0,16850.0,58397.0
2025-03-18,33442,29461,222502.0,37381.0,44718.0,173298.0,16660.0,57391.0
2025-03-25,33559,29553,218976.0,37191.0,44591.0,178451.0,17140.0,59070.0
2025-03-26,33598,29603,226735.0,37587.0,45100.0,181312.0,17220.0,59638.0
2025-03-29,33666,29634,241248.0,38291.0,46077.0,180997.0,17300.0,59784.0
2025-03-30,33765,29757,236934.0,38088.0,45382.0,184960.0,17660.0,60744.0
