date,asamid,asam,agas,ayar,close_overal
2/15/2021,0.000605011,-0.002218904,-0.010671865,-0.019459201,-0.005631654
2/16/2021,8.63E-05,-0.010369338,-0.015162089,0.013328472,-0.009103964
2/17/2021,0.000518368,0.004690428,0.002532833,-0.00633761,-0.005994363
2/20/2021,0.00103507,-0.005364272,-0.008754961,-0.034298284,-0.004561673
2/21/2021,0.000430604,-0.011069124,-0.025156563,-0.021401065,-0.00822878
2/22/2021,-0.000430604,-0.006777246,-0.013346729,0.006130891,-0.006695196
2/23/2021,0,0.00481569,0.026346435,0.002909834,-0.002253009
2/24/2021,-0.000258452,0.012249599,0.009863689,0.008959721,-0.004937787
2/27/2021,0.00172347,-0.007144767,-0.034374533,-0.015179764,-0.009851665
2/28/2021,-8.60E-05,-0.01328214,-0.012856062,-0.005290869,-0.007042543
3/1/2021,-0.000431057,0.00226149,0.01943646,0.00739233,-0.003328073
3/2/2021,-0.000430381,-0.002704651,0.010605677,-0.018203564,0.003947905
3/3/2021,0.001377429,-0.00554188,-0.021693315,0.00318329,-0.00707
3/6/2021,0.001634792,0.007077036,-0.014067319,-0.053144519,-0.006998258
3/7/2021,0,-0.018984244,0.017888512,-0.002937284,0.004971461
3/8/2021,0.000514883,0.020703512,0.026860636,0.00301338,0.020504809
3/9/2021,0.000515475,0.005063655,0.00984722,-0.008836809,0.008467853
3/10/2021,0.000857964,-0.012206805,-0.004563702,0.010131045,-0.002786014
3/13/2021,0.000857229,0.013183091,0.022779441,0.02612968,0.018584466
3/14/2021,0.000428767,0.006817911,0.01347338,0.003255482,0.01270611
3/15/2021,0.000427728,0.008676141,0.00708371,-0.017888409,0.007291325
3/16/2021,0.000770304,0.006866334,0.047043168,0.018959114,0.028504774
3/17/2021,0.003757506,0.01192395,0.019835215,0.011628061,0.013193368
3/27/2021,0.005186082,0.001592616,0.006676573,0.004874905,0.001463914
3/28/2021,0.000678221,0.025562518,-0.008435849,0.021009051,-0.002074658
3/30/2021,0.0011006,-0.001276123,-0.006063453,-0.003453159,-0.002889025
3/31/2021,0.000846832,-0.00441201,-0.016101022,-0.000963517,-0.006579475
4/3/2021,0.002280847,-0.008937329,-0.020465071,-0.035755507,-0.009055404
4/4/2021,0.000589827,-0.004527002,-0.02315574,0.00036985,-0.010453127
4/5/2021,0.000506131,-0.005741707,0.014202957,-0.000184908,-0.005361507
4/6/2021,0.000421721,0.01239952,-0.000847047,0.002880753,-0.001541403
4/7/2021,0.000504821,-0.007340867,-0.028184286,-0.002141326,-0.008684809
4/10/2021,0.000757595,-0.017403789,-0.032892474,-0.026971863,-0.007338658
4/11/2021,0.00016893,-0.010244931,-0.004062039,-0.007546911,-0.007956069
4/12/2021,0.000504099,-0.004349695,0.015535898,0.009064483,-0.003913322
4/13/2021,-0.000420065,0.023659824,0.033414716,-0.007000579,0.014949449
4/14/2021,0.000168047,-0.019146441,-0.009684341,0.009613213,-0.00108593
4/17/2021,0.000672746,0.000634578,-0.036292118,0.001700076,-0.007680665
4/18/2021,0.000167906,-0.00808128,-0.027442984,-0.012765138,-0.007277066
4/19/2021,0.000336567,0.006657462,0.025606564,-0.019302383,-0.006505719
4/20/2021,0.0004195,-0.005668564,0.021177062,-0.023865815,0.002322348
4/21/2021,0.000420163,-0.007739289,-0.026205379,0.004103684,-0.010386341
4/24/2021,0.000838959,-0.002032011,-0.007685084,-0.009828912,-0.006419398
4/25/2021,0.000418797,-0.010074856,-0.019515282,0.013876075,-0.009650708
4/26/2021,0.000503162,0.002939433,0.020792354,-0.013755559,-0.000747109
4/27/2021,0.000419248,0.013404558,0.024390091,-0.001928813,0.013144473
4/28/2021,0.000501862,0.00911266,0.01233253,0.001808297,0.004202152
5/1/2021,0.001088175,0,-0.022253294,-0.02846668,-0.011156293
5/2/2021,-8.35E-05,0,-0.020823452,-0.026073592,-0.01144798
5/3/2021,0.000417606,-0.023118428,-0.006410782,0.001525352,-0.011616542
5/5/2021,0.000752087,0.005759576,0.010477624,-0.022737289,0.004425734
5/8/2021,0.000918264,0.016742413,-0.016608558,0.027678466,-0.004061127
5/9/2021,0.002417978,-0.013416961,-0.01858876,0.010351926,-0.013474289
5/10/2021,-0.001416439,0.001063885,0.019118566,0.042008774,0.004996298
5/11/2021,0.000416318,0.006680676,0.026822735,0.024680098,0.018805224
5/12/2021,0.000916954,0.000455187,-0.001188091,-0.005553955,0.00369141
5/15/2021,0.000415764,0.000997722,0.010317353,0.023413421,0.004671497
5/16/2021,0.000499519,0.01132489,-0.004002266,0.00107222,-0.000603701
5/17/2021,0.000665361,-0.023544481,-0.017419814,-0.029006415,-0.011959713
5/18/2021,0.000747899,0.001928063,0.010698012,0.019855879,-0.000968142
5/19/2021,0.000664422,0.003747706,-0.021703577,-0.027648007,-0.016122468
5/22/2021,0.000746844,-0.024114187,-0.02086157,-0.001668919,-0.02330775
5/23/2021,0.000331383,-0.013957505,-0.021089191,0.01205801,-0.018125019
5/24/2021,0.000497697,0.024705806,-0.00369243,0.022344393,-0.011049263
5/25/2021,0.000331109,0.001676879,0.021100891,0.001919469,0.008831534
5/26/2021,0.000580004,0.003443466,-0.000131164,0.023689415,0.003543053
5/29/2021,0.00099292,0.000107832,0.049532945,0.043609527,0.026780882
5/30/2021,0.000579093,0.017657447,0.019938465,-0.007884117,0.015163859
5/31/2021,0.000496216,-0.019563894,-0.016714581,-0.027593004,-0.009484616
6/1/2021,0.00057847,0.008766928,-0.009702845,0.012773671,-0.004787392
6/2/2021,0.00148549,-0.001454656,0.014851872,0.011379747,0.007136611
6/7/2021,0.001071117,0.00479428,0.00752056,-0.003742692,0.007426912
6/8/2021,0.000494418,0.009134456,0.005618749,-0.013597559,0.00288179
6/9/2021,0.000494174,-0.004624292,-0.01594311,0.000885403,-0.007547658
6/12/2021,0.000657423,-0.00977309,0.002726446,-0.020486399,-0.006068599
6/13/2021,0.000575712,0.001161979,-0.001548191,0.015274167,-0.003134337
6/14/2021,0.000493321,0.009191841,0.009621886,-0.006133885,0.007789592
6/15/2021,0.000739116,-0.012545211,-0.009312179,0.00152775,-4.86E-05
6/16/2021,0.000327956,0,-0.006760616,0.015773252,-0.002167177
6/19/2021,0.002541291,0.001653893,0.011242537,-0.025200207,0.012396645
6/20/2021,0.000491302,0.001338372,-0.006063031,-0.014385548,0.001488584
6/21/2021,0.000326856,0.000351443,0.000465346,0.0021712,0.004181785
6/22/2021,0.000163388,0.012994501,0.011608939,0.007316239,0.015549296
6/23/2021,0,0.020437407,0.022626404,-0.012121918,0.021765926
6/26/2021,0.001144601,0.008478355,0.045606944,0.01874749,0.016969714
6/27/2021,0.000489444,0.007013585,0.004684878,0.003296213,0.003804364
6/28/2021,0.000490019,-0.003929272,-0.006748726,0.0139266,0.004239817
6/29/2021,0.000489779,0.007223873,0.006150034,0.014426039,0.003845948
6/30/2021,0.00057097,0.001758519,0.007571044,-0.004152624,0.006720997
7/3/2021,0.000896116,0.002733676,-0.014582154,-0.006004628,-0.008713385
7/4/2021,0.000488822,-0.001726275,-0.003783527,0.005055024,-0.001850345
7/5/2021,0.000569042,0.00391845,0.015361127,-0.010430742,0.008694223
7/6/2021,0.00065075,0.008914695,0.026472197,0.004200053,0.020916131
7/7/2021,0.000487988,-0.004680778,-0.005308158,-0.002134626,0.000693054
7/10/2021,0.00154278,0.000641415,-0.013740098,-0.000552782,-0.008846453
7/11/2021,0.000162089,7.25E-05,0.016515423,0.000736975,0.011389357
7/12/2021,0.000648903,0.003492271,0.013311441,-0.002360453,0.014713179
7/13/2021,0.000891251,0.000966958,0.000560593,-0.012895825,-0.000315843
7/14/2021,0.000162622,0.000127162,-9.58E-05,-0.00950844,0.00120303
7/17/2021,0.001132767,0.000310043,0.006566489,0.003731742,0.004379168
7/18/2021,0.000889305,0.001220371,-0.011457884,-0.006492013,-0.006353246
7/19/2021,0.001535238,0.000300561,0.006202692,0.002873615,0.006396716
7/26/2021,0.006274515,0.002453523,0.010253261,0.031260181,0.009195831
7/27/2021,0.000721517,0.003071492,-0.006860057,0.017449113,-0.006396304
7/28/2021,0.001602132,0.0231295,0.006738361,0.01792749,0.001187777
7/31/2021,0.001198919,0.012703712,0.03422947,0.046550418,0.026201882
8/1/2021,0.000879305,0.018303354,0.021674557,-0.004596134,0.006500404
8/2/2021,0.000478425,0.014119442,-0.001508945,-0.014706142,-0.001701095
8/3/2021,0.00039931,0.005184511,0.013549563,0.011449243,0.012908738
8/4/2021,0.000478802,0.025794587,0.022532308,0.010546865,0.021890887
8/7/2021,0.001593294,0.00605342,0.003856206,-0.029517998,0.001208963
8/8/2021,0.000557292,0.003024716,0.010543463,0.009238976,0.007151872
8/9/2021,0.000476751,0.001768286,0.014962701,-0.006610362,0.010742082
8/10/2021,0.000875041,0.001336914,0.006344731,0.007742093,0.01428607
8/11/2021,0.000476107,0.002271713,0.024913998,0.027718518,0.020959612
8/14/2021,0.001666968,0.001944534,-0.0110512,0.011106472,-0.002535899
8/15/2021,0.001821527,0.001062884,0.004524034,0.009744852,0.012862501
8/22/2021,0.003082382,0.012291549,0.021150872,0.035569543,0.010268827
8/23/2021,0.00070985,0.001716412,0.006470496,-0.015848377,0.000266414
8/24/2021,0.000472429,0.001491599,0.030835455,0.01480802,0.018036859
8/25/2021,0.000945762,0.007038753,0.000738754,-0.013496303,0.004295653
8/28/2021,0.001494713,0.022565317,0.006974317,0.0093873,0.016406989
8/29/2021,0.00790858,0.000707669,-0.019674317,-0.029995777,-0.001496204
8/30/2021,0.003037732,0.000768728,-0.06338274,-0.031664473,-0.031907159
8/31/2021,0.000621189,0.000645109,0.010211209,0.021693135,-0.018437068
9/1/2021,0.000311226,-0.00042242,0.033022533,0.003553936,0.016263115
9/4/2021,0.001784768,0.001351669,0.01736562,-0.003553936,0.013301012
9/5/2021,0.00038801,0.00050606,-0.015419917,0.008240136,-0.002454977
9/6/2021,0.000697419,-0.00388035,-0.000898347,-0.006198334,0.000801489
9/7/2021,0.000464934,0.001038817,-0.024055159,0.000394592,-0.010071126
9/8/2021,0.000542021,0.000107283,0.00923446,0.005378601,0.001916897
9/11/2021,0.002009329,-0.015476394,0.004757753,0.00169916,0.002948515
9/12/2021,0.00054064,-0.007195463,-0.03105971,-0.008426943,-0.026831714
9/13/2021,0.000154195,-0.004944002,-0.012994548,-0.014494077,-0.009928894
9/14/2021,0.000772157,-0.001305726,0.017265221,0.007057509,0.014589175
9/15/2021,0.00115558,0,-0.004507827,-0.004255084,-0.005804026
9/18/2021,0.000847552,-0.004895604,-0.026763097,-0.014632182,-0.025912787
9/19/2021,0.00046116,-0.013824972,-0.014946104,-0.008930996,-0.020718155
9/20/2021,0.000538519,-0.007399373,0.012043094,0.005612285,0.005107581
9/21/2021,0.000614986,-0.015467715,-0.034586195,-0.002479046,-0.025924819
9/22/2021,0.000614608,-0.002544661,-0.000569235,0.007250347,-0.003422493
9/25/2021,0.001534487,0.013141952,0.041535887,0.000202643,0.025379748
9/26/2021,0.000536744,0.008301517,-0.002917362,-0.002094852,0.001836854
9/28/2021,0.001225545,0.010696305,-0.000718471,0.007345905,0.000506217
9/29/2021,0.001070548,0.000216281,0.004800255,0.012975961,0.008091469
10/2/2021,0.000993873,0.015403028,0.037816199,0.010024281,0.025054449
10/3/2021,0.000534695,0.0033781,-0.001799313,-0.011649594,0.002175605
10/4/2021,0.000686827,-0.00156539,0.005446533,0.000298558,0.005384986
10/6/2021,0.001143157,0.004516745,0.006850404,0.000530913,0.002447324
10/9/2021,0.001599444,-0.022894463,-0.026121396,-0.013893867,-0.01510872
10/10/2021,0.000455863,-0.000497373,-0.013453355,-0.004246404,-0.007100537
10/11/2021,0.000532337,0.003835421,0.006397151,-0.004264846,0.001283585
10/12/2021,0.000532054,-0.016519747,-0.025629345,-0.020665147,-0.026953428
10/13/2021,0.000531771,-0.002481363,-0.013630087,-0.000242334,-0.015109261
10/16/2021,0.001668577,0.025691834,0.050752263,0.020432671,0.028220939
10/17/2021,0.001060924,-0.012429853,-0.020862788,-0.002650324,-0.000962865
10/18/2021,0.000151253,0.003394365,-0.005063278,-0.006862866,0.000627979
10/19/2021,0.000454377,0.005337572,0.018615763,0.007985052,0.008666452
10/20/2021,0.000831858,-0.003936246,-0.008598652,-0.002382089,-0.009078934
10/23/2021,0.001737039,-0.009040384,-0.020098961,0.010370917,-0.020126533
10/25/2021,0.001056442,-0.02232527,-0.010036076,0.006754147,-0.016935408
10/26/2021,0.000225913,-0.002868779,0.006112406,-0.003455541,0.000258905
10/27/2021,0.000527684,-0.001731495,0.004657716,0.001309862,0.006806546
10/30/2021,0.001656517,0.000663274,-0.023483585,-0.006667281,-0.013146204
10/31/2021,0.000450687,-0.00554277,-0.03472344,-0.005658443,-0.026069579
11/1/2021,0.000526295,0.000482876,0.031211875,0.008020505,0.015607843
11/2/2021,0.000751049,0.000249594,0.001932849,-0.000842953,0.01073363
11/3/2021,0.001200806,0.006408109,0.01159384,0.00461095,0.016108703
11/6/2021,0.000974875,0.017169375,0.044791703,0.011186538,0.02972761
11/7/2021,0.000748855,-0.006543999,-0.022060228,0.000497931,-0.006740177
11/8/2021,0.000299086,0.002762793,0.000593501,0.013253913,0.002395937
11/9/2021,0.000523933,0.004578009,0.010587254,-0.004760408,0.009204282
11/10/2021,0.000673011,-0.000276505,0.00264436,0.016093708,0.006106323
11/13/2021,0.001568352,-0.002409115,-0.021536319,0.044525008,-0.011980111
11/14/2021,0.000821246,0.000447982,0.009986365,-0.006213759,0.002366883
11/15/2021,0.000595764,-0.011138635,-0.021863436,-0.019353464,-0.018362995
11/16/2021,0.00014963,-0.00237479,-0.002251274,0.009928087,-0.005491917
11/17/2021,0.000819218,0.005031574,0.00264658,0.002764947,0.001557304
11/20/2021,0.001487904,-0.011334235,-0.025670277,-0.017406591,-0.019535361
11/21/2021,0.000743123,-0.005388973,0.007788072,0.007220666,0.002518068
11/22/2021,0.000371725,0.003401853,0.02253992,0.004617004,0.014426288
11/23/2021,0.000668164,-0.001124415,-0.012481569,-0.0097968,-0.001789285
11/24/2021,0.000667718,0.000200238,-0.007321083,0.022213241,-0.007515077
11/27/2021,0.001556031,-0.009863686,-0.021893088,0.000934308,-0.019872865
11/28/2021,0.000444453,-0.003945811,0.002087005,-0.001744871,0.000986734
11/29/2021,0.00059205,0.002430033,-0.002869115,0.012920518,-0.003055144
11/30/2021,0.000665546,-0.004840835,-0.003430603,-0.015887648,-0.004959484
12/1/2021,0.000665103,0.002849404,-0.01642871,0.006951031,-0.012585226
12/4/2021,0.001181478,-0.007832502,-0.000471094,0.036026935,-0.004027138
12/5/2021,0.000811181,0.000833008,0.01296643,0.001526931,0.006361365
12/6/2021,0.000368167,0.002251312,-0.004701561,0.014081009,-0.000677392
12/7/2021,0.00058952,-0.003075895,-0.004488963,0.005677007,-0.003249975
12/8/2021,0.000442096,0.003414872,0.012428629,-0.007359949,0.008467343
12/11/2021,0.001692282,-0.001672335,-0.001843546,-0.020297391,-0.003650741
12/12/2021,0.000587917,0,-0.022892898,-0.004079113,-0.017774757
12/13/2021,0.000440161,-0.005947211,-0.022240661,-0.044040277,-0.019291055
12/14/2021,0.000587313,0.000486768,-0.004668083,0.01298296,-0.002882052
12/15/2021,0.000513708,-0.000486768,-0.001968506,0.036733265,0.001094463
12/18/2021,0.001685833,-6.85E-05,0.013940013,-0.009103564,0.009515115
12/19/2021,0.000511849,0,-0.017452204,-0.010905426,-0.010712541
12/20/2021,0.000512317,0,0.009878871,0.003770847,0.007597883
12/21/2021,0.000512055,0.001554164,0.024317639,0.011651329,0.012939572
12/22/2021,0.000657763,0.009394061,0.051859873,-6.04E-05,0.030287304
12/25/2021,0.001605722,0.013569326,0.002936101,-0.019085274,0.019324426
12/26/2021,0.000583459,-0.00536913,-0.017633205,0.004889969,-0.001092816
12/27/2021,0.000510338,0.009015618,0.012354494,0.002818496,0.011690875
12/28/2021,0.000510078,-0.002654694,-0.00066489,-0.008325191,-0.000286839
12/29/2021,0.000363663,-0.000141732,-0.006421161,0.002741697,-0.00180978
1/1/2022,0.001963674,0.001906821,-0.023709476,0.002764998,-0.013300497
1/2/2022,0.000508633,-0.002690083,0.00290591,-0.00214996,6.40E-05
1/3/2022,0.000435869,-0.003441909,0.001172912,-0.002986714,-0.002114805
1/4/2022,0.000580622,0.00096204,-0.013539428,-0.012786628,-0.009694384
1/5/2022,0.000797533,0.000793476,5.22E-05,-0.017327958,0.000240726
1/8/2022,0.001448565,-0.007125432,0.003961269,-0.014275681,-0.000501988
1/9/2022,0.000578983,-0.011482545,-0.025406224,-0.029774669,-0.019013343
1/10/2022,0.000650866,0.001581929,-0.002403893,-0.00947673,-0.003099326
1/11/2022,0.000289539,-0.000263864,0.006065524,0.026011342,0.001544458
1/12/2022,0.000578105,-0.000492732,-0.003848361,0.000555384,-0.000313527
1/15/2022,0.001659561,-0.008334313,-0.00854856,-0.020083533,-0.008770829
1/16/2022,0.000648801,-0.004537874,-0.007523461,0.003093222,-0.008927007
1/17/2022,0.000576439,-0.002517964,-0.006297121,-0.009476111,-0.003320998
1/18/2022,0.000360375,-0.008202374,-0.012852669,-0.002920852,-0.023695191
1/19/2022,0.000719642,0.003805602,0.002498298,0.013127138,0.002749723
1/22/2022,0.001509494,-0.002561283,0.006115809,-0.002092632,0.001837617
1/23/2022,0.000789745,0,-0.032558761,0.011965909,-0.019900037
1/24/2022,0.00035916,-0.014681528,-0.007373546,0.01939382,-0.017548848
1/25/2022,0.000573958,-0.01748231,-0.033612943,-0.013496763,-0.021860059
1/26/2022,0.000716805,0.010442685,0.043262953,0.008942438,0.017585814
1/29/2022,0.001575737,0.016542636,0.032608907,-0.001587295,0.023743738
1/30/2022,0.000428731,0.00849435,-0.014679151,-0.012858087,0.020142205
1/31/2022,0.00057207,-0.000988755,0.00209241,-0.007450683,0.007825188
2/1/2022,0.000571743,0.006322221,-0.002661419,-0.001158726,0.005106084
2/2/2022,0.000714041,0.002522228,0.009449134,-0.003916878,-7.71E-05
2/5/2022,0.001426554,-0.002522228,-0.015267714,-0.025601861,0.00248692
2/6/2022,0.000570195,-0.011898431,-0.035381053,-0.004445886,-0.017311714
2/7/2022,0.000498743,-0.020509537,0.007263143,0.008396237,-0.00591544
2/8/2022,0.000640672,0.012934916,0.010583782,-0.014377622,0.005228413
2/9/2022,0.000427124,0.00906528,-0.013373316,0.00796748,0.002301106
2/12/2022,0.001634319,-0.010243941,0.000230433,0.02416256,-1.01E-05
2/13/2022,0.000638944,-0.010429998,-0.006600631,0.0093716,-0.006299493
2/14/2022,0.000496832,0,0.011053434,-0.005173383,0.005704895
2/16/2022,0.001489016,0.002646453,-0.001750112,-0.004565328,-0.000677211
2/19/2022,0.001202762,0.004133483,0.000731903,-0.021540521,-0.000269593
2/20/2022,0.000707829,-0.001016452,-0.001550471,0.00112556,-0.006046024
2/21/2022,0.000494194,0,0.021928613,0.00149889,0.005607594
2/22/2022,0.000494656,0.016660318,-0.001139267,0.012078738,0.002538895
2/23/2022,0.000635425,-0.01312945,-0.002790445,-0.003672272,0.002729405
2/26/2022,0.00148156,0.003491579,-0.004327689,0.009707538,-0.0043097
2/27/2022,0.000634082,-0.003333003,-0.006341437,-0.002242225,-0.002728468
2/28/2022,0.00063368,0.001663537,0.004610806,0.003912061,0.001987781
3/2/2022,0.000984537,-0.001937097,0.000709566,0.008937348,-0.000541241
3/5/2022,0.001686427,-0.003450898,0.016128724,-0.016407156,0.013694701
3/6/2022,0.000561511,0.00429671,0.034779366,-0.006611606,0.018155824
3/7/2022,0.000561196,0.004795767,0.016555119,0.015315562,0.015237737
3/8/2022,0.000490175,0.007176246,-0.007842251,0.019539752,-0.00468838
3/9/2022,0.000701233,0.001052495,0.013845347,0.000261493,0.008720084
3/12/2022,0.001469455,-0.001766005,-0.02212682,0.004857165,-0.011487177
3/13/2022,0.000559391,-0.009587215,-0.001456688,0.016096993,0.001771641
3/14/2022,0.000489298,-0.014252045,-0.002743749,-0.007613011,-0.000398039
3/15/2022,0.000628546,-0.012036701,0.000649398,0.003026284,0.001862466
3/16/2022,0.000767532,-0.003462345,0.014942143,-0.007388671,0.00578714
3/19/2022,0.003621264,-0.003492365,0.032215885,-0.01143266,0.016382246
3/26/2022,0.001597086,0.001770565,0.022429799,0.004184523,0.017064509
3/27/2022,0.000555122,0.03741492,0.013185442,0.004881054,0.009170292
3/28/2022,0,0,0,0.00698743,0.010644696
3/29/2022,0.00104011,0.009400602,-0.000348629,0.006362534,-0.003091878
3/30/2022,0.000554237,0.02799431,-0.00433158,0.008071243,0.012581596
4/3/2022,0.002282901,0.010574558,0.028111109,-0.002736173,0.020611556
4/4/2022,0.000482997,0.003126626,0.002526701,0.002831545,0.004715116
4/5/2022,0.000621343,8.22E-06,0.000958024,0.016167213,0.001757967
4/6/2022,0.000759431,8.22E-06,-0.016917466,-0.002378598,-0.005256009
4/9/2022,0.001446973,0.001003697,-0.012603927,0.017796403,-0.00346192
4/10/2022,0.000482089,0.024026052,0.021672784,0.016031964,0.010512429
4/11/2022,0.000619291,0.006111148,0.003901642,0.016434974,0.003718268
4/12/2022,0.000550235,-0.016757882,-0.035800843,-0.004180599,-0.022984908
4/13/2022,0.000549932,0.009148124,0.009402151,-0.02193449,0.005624861
4/16/2022,0.001578774,0.034845877,0.010724772,0.013640767,0.009269709
4/17/2022,0.000548763,-0.023396929,0.007364751,0.014617641,0.005019104
4/18/2022,0.000548462,0.044397242,0.023801001,0.002880202,0.017911994
4/19/2022,0.000548162,-0.001288664,0.007175164,-0.012831645,0.007532062
4/20/2022,0.00102708,0.007580323,-0.004351581,-0.002315268,-0.000515179
4/24/2022,0.00198211,-0.004996382,-0.012309999,-0.00534251,-0.005017635
4/25/2022,0.000272804,-0.000589495,0.004429305,-0.006619504,0.001721564
4/26/2022,0.000546067,0.010345161,0.004781451,0.003618649,0.010211263
4/27/2022,0.000886978,-0.003122179,-0.003301316,0.006233832,-0.000912826
4/30/2022,0.001362316,0.001756101,0.006842542,0.000211065,0.000717506
5/1/2022,0.000612505,-0.006958321,0.000752181,-0.000543039,0.000615843
5/2/2022,0.00156389,0,0.000727669,-0.002053982,0.004118467
5/7/2022,0.00156077,0,0.009423804,0.019227366,0.009167316
5/8/2022,0.000610221,0,0.00433779,0.000918862,0.00594242
5/9/2022,0.000542181,0,-0.005342364,-0.002759709,-0.008315818
5/10/2022,0.000541888,0,0.001654131,0.011258655,-0.000393744
5/11/2022,0.000879519,0,0.032474809,0.026732491,0.01605612
5/14/2022,0.001352584,0,0.026824596,0.013695672,0.008884832
5/15/2022,0.000540387,0.038879163,-0.005858118,0.006049326,-0.003446799
5/16/2022,0.000540095,0.000661813,0.010475685,-0.001038522,0.006855556
5/17/2022,0.00053913,-0.012315017,0.006105537,-0.004559311,0.013934408
5/18/2022,0.001281288,-0.007125123,-0.021933709,-0.007758932,-0.006901991
5/21/2022,0.000875018,-0.008740189,-0.006750884,0.024320045,-0.009630433
5/22/2022,0.00060554,0.021808766,0.004870282,0.015854674,0.001551757
5/23/2022,0.000538025,-0.025558558,-0.021270012,-0.008198811,-0.015884935
5/24/2022,0.000537736,-0.006235246,-0.005206729,0.009699752,-0.00097761
5/25/2022,0.000537447,0.000137457,0.009962434,-0.005194255,0.00563976
5/28/2022,0.001677578,-0.000687474,-0.013940453,0.018332188,-0.007110994
5/29/2022,0.000468656,-0.017972242,-0.010443345,0.010760175,-0.012531375
5/30/2022,0.000602904,0.00237779,0.005690828,0.017288048,0.002163939
5/31/2022,0.000535684,0.010008424,0.001470051,-0.001335377,0.003461459
6/1/2022,0.001939702,-0.001868965,-0.002661805,-0.008129478,-0.000474018
6/6/2022,0.001335031,-0.002219603,-0.01839303,-0.012947935,-0.018107415
6/7/2022,0.00060025,-0.004384293,-0.002981222,0.0100114,0.000711424
6/8/2022,0.000999838,0.019887411,0.002814424,0.005416454,0.003235515
6/11/2022,0.001264673,-0.008376293,-0.004715219,0.029904324,-0.001322259
6/12/2022,0.000532121,0.014374948,0.023543928,0.050588357,0.009242211
6/13/2022,0.000464793,0.009065755,0.032358076,-0.018972496,0.025169943
6/14/2022,0.000531591,0.00651162,-0.006231234,-0.022958373,0.001664912
6/15/2022,0.000597619,0.005205564,-0.015062228,-0.020387995,-0.006201461
6/18/2022,0.001525922,0.00828615,-0.013147136,0.024436462,-0.010665341
6/19/2022,0.000596352,-0.014294981,0.000339668,0.005288707,-0.001147881
6/20/2022,0.000595996,0.012775475,0.006627742,-0.011342069,0.0008304
6/21/2022,0.000595641,-0.019899161,-0.004546043,0.000787251,-0.004933795
6/22/2022,0.000859451,0.002223196,-0.003733863,0.012336528,-0.004059391
6/25/2022,0.001189197,-0.002358094,-0.01300715,-0.030937626,-0.008553461
6/26/2022,0.000594069,-0.007447563,-0.023645894,-0.04560931,-0.012572663
6/27/2022,0.000593716,-0.007434978,0.00088759,-0.035653875,0.001813666
6/28/2022,0.000527525,0.011842512,0.015113974,0.002801111,0.006870393
6/29/2022,0.000922664,-0.002642188,-0.000694662,0.015074494,-0.000474877
7/2/2022,0.001250358,0.021940563,-0.013483862,0.071269755,-0.008014708
7/3/2022,0.000591764,-0.012824114,0.003394124,0.000872058,0.000901346
7/4/2022,0.000591414,-0.008709504,0.000895113,-0.034690432,0.002771099
7/5/2022,0.000525481,0.010388653,-0.000217692,0.015433218,0.002596687
7/6/2022,0.000525205,-0.007206632,-0.011151266,-0.006949727,-0.005622179
7/9/2022,0.001639407,0.005796336,-0.000574932,-0.007316345,-0.002726187
7/11/2022,0.001113238,0.008432092,-0.007467102,0.009078024,-0.007310679
7/12/2022,0.000457494,-0.019786634,0.001748949,-0.006536218,-0.002735053
7/13/2022,0.000654506,0.00271518,0.013591387,-0.008871038,0.004383333
7/16/2022,0.001502045,-0.000135584,-0.008815875,0.009980838,-0.006734203
7/17/2022,0.000717601,0.003316528,-0.009883137,-0.011048421,-0.006928233
7/19/2022,0.001043219,-0.005488376,0.003888557,-0.004094633,-0.000639325
7/20/2022,0.000521202,-0.003266642,0.006557886,-0.000670559,0.002043736
7/23/2022,0.001561978,0.008755019,0.012516596,0.01057032,0.001086916
7/24/2022,0.000649942,-0.010528916,-0.010963306,-0.001222116,-0.006628303
7/25/2022,0.000584652,-0.009192628,-0.021906637,-0.006293938,-0.016773442
7/26/2022,0.000454637,0.002752927,0.005866507,0.002298186,-0.000672999
7/27/2022,0.000584045,0.007668119,0.009234141,-0.001388957,0.003652958
7/30/2022,0.001556003,-0.007324536,0.002151069,0.006872283,-0.001970754
7/31/2022,0.000647459,-0.014881742,-0.013299658,-0.000902999,-0.012130927
8/1/2022,0.000517795,0.014125702,0.004209249,-0.003006808,0.002882326
8/2/2022,0.000582118,0.002472189,0.005646523,0.00029317,0.001690494
8/3/2022,0.00051658,-0.00364174,0.009722952,-0.003442688,0.005119525
8/6/2022,0.002324535,0.000412939,0.016205789,-0.007998352,0.008011592
8/9/2022,0.001030608,0.002954415,-0.00288543,0.005991309,0.002081656
8/10/2022,0.000643832,-0.001922813,-0.0059898,-0.010501739,-0.002397872
8/13/2022,0.001608091,-0.000962795,0.023451009,-0.02555247,0.012784042
8/14/2022,0.000642385,0.011288732,-0.003983357,-0.023233725,-0.002352365
8/15/2022,0.000513739,-0.003475657,0.003462636,-0.018039429,3.01E-05
8/16/2022,0.000577561,0,-0.007533419,2.88E-05,-0.002871514
8/17/2022,0.000705953,0,-0.010033372,-0.025440304,-0.005566266
8/20/2022,0.001537023,-0.001503041,-0.010001138,-0.029369986,-0.008705279
8/21/2022,0.000575935,-0.009342011,-0.005062829,0.003022013,-0.00621351
8/22/2022,0.000447862,0.018326552,-0.002571777,0.04271831,-0.003790498
8/23/2022,0.000575346,-0.009873765,0.009931735,-0.010746018,0.004885914
8/24/2022,0.000638814,0.000957592,0.014416033,-0.021965059,0.007584922
8/27/2022,0.001722953,0.002253561,0.00575147,0.03716908,0.005305124
8/28/2022,0.000510006,-0.004238163,-0.007284444,-0.012668495,-0.004117579
8/29/2022,0.000636983,-0.00068526,0.005426619,-0.00315566,0.000728361
8/30/2022,0.000509421,-0.002883231,-0.003199841,0.000472546,-0.002717546
8/31/2022,0.000827495,0.000274952,-0.000143502,0.009286025,-0.00127807
9/3/2022,0.001461378,0.000137448,-0.011342706,0.013682871,-0.008676762
9/4/2022,0.000507998,0.007121367,0.001088089,0.004375776,-2.31E-05
9/5/2022,0.00057111,0.001772446,0.001243847,-0.00969898,-9.01E-05
9/6/2022,0.000570784,0.00312819,-0.004899818,0.001507277,-0.004175783
9/7/2022,0.000570459,6.79E-05,-0.004497428,-0.010979007,-0.005628499
9/10/2022,0.001646237,-0.007564693,-0.010187696,0.015400421,-0.010977539
9/11/2022,0.000506038,-0.004387776,-0.003007578,0.00758387,-0.004807541
9/12/2022,0.000568908,-0.004407114,0.00699956,0.021515697,-0.001267762
9/13/2022,0.000568585,0.003375938,0.002057224,0.024238998,0.002987892
9/14/2022,0.000631312,-0.006971074,-0.003062966,-0.013735073,-0.002909204
9/18/2022,0.002143861,0.008689111,-0.008416251,0.002518779,-0.00806814
9/19/2022,0.000566687,0.001097996,-0.000779852,-0.017542126,-0.002977102
9/20/2022,0.000566366,-0.005226253,-0.004978311,0.003566901,-0.004933459
9/21/2022,0.000566046,-0.011720374,-0.004665676,-0.008050377,-0.008683517
9/24/2022,0.001696217,-0.009039689,-0.02032417,0.009366954,-0.020164445
9/26/2022,0.001380326,-0.010330524,0.009310166,0.004860019,0.004703019
9/28/2022,0.001065113,0.017554824,0.012575786,-0.005280033,0.009037993
10/1/2022,0.001501247,0.002861232,-0.025708714,0.046250186,-0.01171624
10/2/2022,0.000562543,-0.006852694,-0.001230502,0.012702524,-0.006674294
10/3/2022,0.000624607,-0.009446669,-0.000936665,0.007209165,-0.002508086
10/4/2022,0.001435554,0.004804984,0.002218358,-0.003414126,-0.003693053
10/8/2022,0.001308466,-0.001975727,0.004422134,-0.020409752,0.002180513
10/9/2022,0.000560336,0.002962129,-0.012873246,-0.007221525,-0.008877991
10/10/2022,0.000560023,0.008554852,0.002708999,0.001297148,-0.000891222
10/11/2022,0.000559709,0.010211613,0.00675354,0.013253879,0.007378912
10/12/2022,0.000746206,0.000207318,0.007851489,0.000799172,0.004718075
10/15/2022,0.001490123,0.002897953,-0.001423046,-0.00282671,-0.00143717
10/16/2022,0.000620075,-0.01254913,-0.004038407,0.010784282,-0.005030103
10/17/2022,0.000557801,-0.003214538,0.000867643,-0.006281072,-0.000139644
10/18/2022,0.00055749,0.011344382,0.002827424,-0.00948313,0.001116379
10/19/2022,0.00080444,-0.007223257,0.000292529,-0.001504115,-0.001828096
10/22/2022,0.001484135,0.005075624,0.001689657,0.005949553,-0.000920842
10/23/2022,0.000494223,0.001663087,-0.004605619,-0.003372528,-0.009334934
10/24/2022,0.000555631,-0.000207735,-0.016781181,-0.008102685,-0.014807529
10/25/2022,0.000616938,-0.004859433,-0.011162366,0.004584239,-0.008390658
10/26/2022,0.0007397,-0.01450977,-0.022289785,0.005955403,-0.02074717
10/29/2022,0.001416897,-0.004529057,0.000294945,0.00528174,0.002883489
10/30/2022,0.00061523,-0.006332513,0.009591932,0.001010426,0.0078729
10/31/2022,0.000492034,0.014878064,0.014969786,0.013358913,0.012176683
11/1/2022,0.000614549,-0.000140657,0.012051978,0.019426514,0.00833071
11/2/2022,0.000675507,0.006729312,-0.002406659,0.027399864,0.002406088
11/5/2022,0.001533993,0.016490362,0.044490143,0.016234235,0.034295564
11/6/2022,0.000612817,0.003361578,0.016698282,-0.02366948,0.012234945
11/7/2022,0.000551275,0.027759862,0.034479727,0.013970582,0.032972728
11/8/2022,0.000612104,0.01277444,0.000917785,-0.023673917,0.012855645
11/9/2022,0.000550634,-0.011443059,-0.002567259,0.002085387,0.004686904
11/12/2022,0.001589088,0.024186247,0.006651852,-0.003639489,0.008272347
11/13/2022,0.000671993,-0.012414403,-0.008351253,0.005619232,-0.004889446
11/14/2022,0.000549089,0.001445372,-0.008088185,0.017792057,-0.007757153
11/15/2022,0.000548787,0.003865942,0.010388753,0.013655482,0.001621637
11/16/2022,0.000609343,-0.004062915,0.003329516,-0.006285151,0.002205357
11/19/2022,0.0015828,-0.009699525,-0.020720566,-0.003839578,-0.014615256
11/20/2022,0.000608009,-0.007119836,0.012370128,0.014244107,0.008266148
11/21/2022,0.000546953,0.018197359,-0.005486924,0.001686911,0.002822883
11/22/2022,0.000607308,-0.010480963,-0.003459618,0.007301583,-0.000670253
11/23/2022,0.000546322,-0.000132538,0.00522064,-0.000776415,0.001798611
11/26/2022,0.001697696,0.013559976,-0.002225569,0.01443251,-0.001404486
11/27/2022,0.000605579,-0.01761085,-0.001466581,0.013448423,-0.00143448
11/28/2022,0.00048432,0.003653154,0.001752464,0.008811689,0.001533537
11/29/2022,0.000544504,-0.011536153,0.002438875,-0.014943244,0.004149512
11/30/2022,0.000664969,0.006151397,0.001578983,0.006013552,0.002237059
12/3/2022,0.001630653,0.001531955,-0.000261025,0.006118455,0.000245495
12/4/2022,0.000603807,0.004714328,-0.002804324,0.017327081,8.44E-05
12/5/2022,0.00048182,0.008771697,0.00158133,0.014739786,-0.002991267
12/6/2022,0.000603152,-0.008970445,-0.001081767,-0.011195234,-0.002975763
12/7/2022,0.000722461,0.007130155,-0.00294207,-0.009766266,-0.004675294
12/10/2022,0.001624081,-0.012577949,-0.013776868,0.027957328,-0.013703738
12/11/2022,0.000600776,-0.00433956,0.007422538,0.01613626,0.004056621
12/12/2022,0.00054045,0.000802568,0.021402192,0.030219735,0.014287431
12/13/2022,0.000540158,0.018283498,0.036300965,0.008215891,0.031517325
12/14/2022,0.000659664,0.006999211,0.015126249,0.000170917,0.012488982
12/17/2022,0.001737847,-0.004835347,-0.006281372,-0.002587907,-0.001921573
12/18/2022,0.000538574,0.01753064,0.016221519,-0.002852235,0.020409338
12/19/2022,0.000598009,-0.008012967,-0.000585848,-0.010687637,0.000444363
12/20/2022,0.000657338,0.011867279,-0.014759978,0.002471421,-0.005889418
12/21/2022,0.000656906,-0.004949073,0.00240983,-0.005667516,0.002747855
12/24/2022,0.001610903,0.009363244,0.03932885,0.036162264,0.027555857
12/25/2022,0.000656013,0.009339628,0.012216881,0.021402585,0.016485054
12/26/2022,0.000595516,-0.000759157,0.001285771,0.029733221,0.008171731
12/28/2022,0.001249371,0.011765212,0.041700835,0.059085513,0.04400465
12/31/2022,0.001782197,-0.002254228,-0.052784667,-0.103168142,-0.035100783
1/1/2023,0.000593953,-0.018474523,-0.004735605,0.00091725,-0.016565165
1/2/2023,0.000533782,0.012249066,0.026056758,0.029684292,0.018317484
1/3/2023,0.000651883,-0.011100301,-0.008582157,-0.025297616,-0.001212759
1/4/2023,0.00053315,0.016447739,-0.013673535,0.00616305,-0.007720853
1/7/2023,0.001893018,-0.004653804,0.024345196,0.02865649,0.011926959
1/8/2023,0.000531859,0.008536331,0.026232028,0.036066382,0.022991708
1/9/2023,0.000650124,0.008959741,0.001082483,-0.007195705,0.007115277
1/10/2023,0.000590173,-0.009835124,0.007909212,0.002391331,0.012839093
1/11/2023,0.00064873,0.005925112,-0.01837426,0.002463219,-0.009698011
1/14/2023,0.001767287,-0.002428168,0.002389887,0.02677679,-0.005081022
1/16/2023,0.001118314,0.010294665,0.037045785,0.017294262,0.022237302
1/17/2023,0.000587745,0.003756509,-0.003098271,0.04208598,0.003784461
1/18/2023,0.000704721,0.007836935,-0.000417818,0.056319849,0.001241873
1/21/2023,0.001701369,0.010193644,-0.013624229,0.073746747,-0.018867105
1/22/2023,0.000762127,0.004036515,0.009286617,0.089298713,-0.002808703
1/23/2023,0.000527062,0.008203393,0.01158463,-0.074767919,0.000619377
1/24/2023,0.000526784,-0.01714173,-0.01232441,-0.078481685,-0.004784915
1/25/2023,0.000760161,-0.019356233,-0.023935269,-0.01297577,-0.020932318
1/28/2023,0.001636386,0.011560822,-0.009406034,0.082730232,-0.007393283
1/29/2023,0.000641801,-0.001897127,-0.033774565,0.045921153,-0.036851065
1/30/2023,0.000583151,0.001958265,0.005609603,-0.005035859,-0.001629595
1/31/2023,0.000641016,0.011851,0.011977316,-0.053437013,0.010898712
2/1/2023,0.000873821,0.01350196,-0.006938492,0.005889479,0.000444538
2/5/2023,0.002151624,-0.006518187,-0.014645544,-0.054133093,-0.011012326
2/6/2023,0.000580679,-0.001080497,0.002702182,0.018263938,-0.001514012
2/7/2023,0.000580342,0.017798619,0.020414942,-0.00576322,0.012058993
2/8/2023,0.000928079,0.002004009,-0.001207318,-0.002396309,0.001005074
2/12/2023,0.002084745,0.000706339,-0.011782115,0.052225564,-0.007798407
2/13/2023,0.000578261,-0.002651349,0.000446346,-6.19E-05,0.001486561
2/14/2023,0.000577927,0.003239585,-0.005326452,0.018525047,-0.006685506
2/15/2023,0.000808883,-0.015347995,-0.006225192,0.044174056,-0.008597994
2/19/2023,0.002191426,0.001133956,0.01915114,0.088075423,0.005605735
2/20/2023,0.000633374,0.048719152,0.053659263,-0.014385216,0.038945788
2/21/2023,0.000576074,0.001305817,0.016924558,-0.04405932,0.040054537
2/22/2023,0.000690046,0.035887286,-0.009249222,0.038896333,-0.001702709
2/25/2023,0.001723323,0.004205933,0.084407309,0.092768791,0.048421716
2/26/2023,0.000688957,0.000762818,0.029934102,0.031782762,0.036987775
2/27/2023,0.000573386,-0.005406747,-0.028749959,-0.06988167,0.002642186
2/28/2023,0.000630288,0.008615102,0.006858527,-0.01634056,0.015927982
3/1/2023,0.000629891,0.00681747,-0.023473025,-0.067177074,-0.008933824
3/4/2023,0.001659502,-0.017625436,-0.013830985,0.043320337,-0.01859432
3/5/2023,0.000742569,0.01848783,0.00997313,-0.048634194,0.004322185
3/6/2023,0.000570964,-0.000215529,-0.007994889,-0.044676065,-0.005743442
3/7/2023,0.000799144,0.028527073,0.028439912,-0.040240317,0.017729694
3/11/2023,0.002165078,-0.0092603,-0.010671629,-0.089951299,-0.0004797
3/12/2023,0.000512126,-0.021424621,-0.021662785,0.034705076,-0.018635755
3/13/2023,0.000682237,0.00479488,0.00991757,0.025390502,-0.000877966
3/14/2023,0.000568838,-0.00306823,0.009497617,0.066148468,0.000760586
3/15/2023,0.000624668,0.037095181,0.031856459,0.008318759,0.021088551
3/18/2023,0.001758433,0.021380196,0.043302211,0.066555378,0.045494017
3/19/2023,0.004016403,0.013334878,0.009442031,0.025939274,0.028304805
3/25/2023,0.000338859,0.009537912,0.014937575,0.058160213,0.019110599
3/26/2023,0,0,-0.002189631,-0.046539232,0.010195198
3/27/2023,0,-0.00144232,0,0,0.00515713
3/28/2023,0.00061991,0.020200716,0.019047096,0.011781161,0.007467766
3/29/2023,0.001013571,0.010480445,0.013511693,0.03412388,0.01664011
4/3/2023,0.002753971,0.012566715,-0.005295374,-0.014976454,0.005392149
4/4/2023,0.000561104,0.006603506,-0.001628144,-0.048237216,0.01385349
4/5/2023,0.000728965,0.010363275,0.007028174,0.039947327,0.008626246
4/8/2023,0.001792115,0.014977024,0.041787855,-0.008768744,0.02992059
4/9/2023,0.000559378,0.00428424,0.012826196,-0.008032998,0.004646637
4/10/2023,0.000670841,0.015010433,-0.017484818,-0.033126689,-0.010145921
4/11/2023,0.000837919,-0.002266752,0.00761124,0.031551092,-0.004752666
4/15/2023,0.00211959,0.013165797,0.037225582,-0.014765316,0.033393493
4/16/2023,0.000724093,0.031524709,-0.00223487,-0.003798063,0.009326735
4/17/2023,0.000612285,0.032621798,0.005396723,0.019106079,0.006231219
4/18/2023,0.000500681,-0.02174368,0.019162991,-0.002548069,0.01566756
4/19/2023,0.001389468,0.003599901,-0.004681738,0.007971767,-0.000561213
4/24/2023,0.000444222,0.009452108,0.001740036,-0.006289572,0.001015605
4/25/2023,0.000610484,0.012381712,0.016813908,-0.001708097,0.018033156
4/26/2023,0.000942742,0.02144921,-0.002262866,0.033782394,-0.00149633
4/29/2023,0.001716834,-0.00682372,0.034317749,0.07824385,0.030505463
4/30/2023,0.000553189,-0.005335111,0.018605539,0.060604189,0.016587444
5/1/2023,0.000663423,-0.001286334,-0.000741423,0.05447093,0.000524276
5/2/2023,0.000662983,0.006497695,0.017463657,-0.04594177,0.015080147
5/3/2023,0.000772926,0.008380282,-0.002886159,-0.026618603,-0.001453764
5/6/2023,0.001764447,0.005832823,0.012541898,0.005544043,0.008143992
5/7/2023,0.000660866,-0.017187699,-0.053722174,-0.07568132,-0.038220242
5/8/2023,0.00060541,-0.002444128,-0.067570324,0.016994968,-0.05291258
5/9/2023,0.00066003,0.01187447,0.035207844,0.019595406,-0.003709763
5/10/2023,0.000934297,-0.003613373,-0.023212961,-0.038222405,-0.012272428
5/13/2023,0.001646633,-0.029810582,-0.045993891,-0.051032291,-0.028360103
5/14/2023,0.000548276,0.017143277,0.058123974,0.009577218,0.03194976
5/15/2023,0.00109565,0.004364732,-0.0132462,-0.029638338,0.006747417
5/17/2023,0.001039757,0.005872639,0.018581603,-0.033398474,0.008633939
5/20/2023,0.00174873,-0.009238037,-0.011947591,0.011959331,-0.010109925
5/21/2023,0.000654986,-0.00158274,0.007203176,0.049236592,0.002051736
5/22/2023,0.000545494,0.011974702,0.007520936,0.021748287,0.006838492
5/23/2023,0.000763192,0.013987958,0.007313886,-0.021125986,0.005287942
5/24/2023,0.00076261,0.008170905,0.006240013,-0.009262393,0.006486727
5/27/2023,0.001795284,-0.014363632,-0.020440458,-0.03432558,-0.014921594
5/28/2023,0.00054339,-0.003684904,-0.033133697,-0.02728454,-0.023734133
5/29/2023,0.000597388,-0.001806463,0.007012988,0.026413397,0.008111363
5/30/2023,0.000705544,0.004305491,0.009679969,-0.012329031,0.005711194
5/31/2023,0.000976086,0.004735089,-0.014878683,-0.026488522,-0.007625793
6/3/2023,0.001570582,-0.002119854,0.005295979,0.001999352,0.003797421
6/6/2023,0.001946262,0.008452586,0.006123572,0.001119511,0.004318501
6/7/2023,0.000701887,0.001455722,-0.003239852,-0.033375949,-0.000484929
6/10/2023,0.001887251,-0.007340599,-0.041141272,-0.010931215,-0.032591202
6/11/2023,0.000592401,0.001017108,0.002778987,-0.027094884,-0.003095359
6/12/2023,0.00059205,-0.002565096,-0.031721943,-0.015495364,-0.028850032
6/13/2023,0.000699244,0.001751492,0.010372108,0.048715239,0.004549126
6/14/2023,0.000645023,0.008832763,0.016111453,-0.006068628,0.012408418
6/17/2023,0.001932575,0.003704304,0.000926874,0.002940579,0.000319319
6/18/2023,0.000643363,0.005890502,-0.00627118,-0.022562582,-0.00915247
6/19/2023,0.000642949,-0.001559408,0.000250664,-0.023951412,0.000605203
6/20/2023,0.000642536,0.002597664,0.004353083,0.012360012,0.001256519
6/21/2023,0.001444198,0.004857471,0.00670734,-0.007016958,0.003200304
6/24/2023,0.001281983,-0.000675448,-0.005109976,0.016968873,-0.005201015
6/25/2023,0.000693722,0.005944143,0.011395517,0.001524522,0.012400916
6/26/2023,0.00058662,-0.000830056,0.001676666,-0.008529729,0.002976064
6/27/2023,0.000692835,0.007720525,-0.006553407,0.001679942,-0.012798342
6/28/2023,0.000692355,-0.016896906,-0.007134043,-0.003203017,-0.006844466
7/1/2023,0.001914792,-0.000239473,-0.003285228,0.018054278,-0.004419361
7/2/2023,0.00063745,0.002710677,0.01089874,0.019567223,0.006259628
7/3/2023,0.000690113,0.003259015,0.020773747,0.00360049,0.011992636
7/4/2023,0.000636605,0.008416194,0.013329318,-0.014254289,0.008522231
7/5/2023,0.001589741,0.006901176,-0.002446425,-0.00485847,0.000256314
7/8/2023,0.001058425,-0.010843622,-0.002114578,-0.000284022,-0.003421722
7/9/2023,0.000634518,0.007751824,-0.00745156,-0.008787628,-0.00858934
7/10/2023,0.000634115,0.002622773,-0.014519173,-0.011398557,-0.008224056
7/11/2023,0.000686505,-0.015801105,-0.014219275,-0.015157779,-0.014068866
7/12/2023,0.000686034,-0.022167802,-0.023522529,-8.83E-05,-0.027133592
7/15/2023,0.001897334,0.005790076,0.001449183,0.010641279,-0.000248172
7/16/2023,0.000736881,-0.007049701,-0.027450253,-0.022453664,-0.02423893
7/17/2023,0.000578597,-0.005340521,-0.016109302,0.004353356,-0.032514031
7/18/2023,0.000683365,0.015413626,0.033692369,0.007768004,0.021801173
7/19/2023,0.00073541,0.005819453,0.001830458,-0.008613419,0.008279778
7/22/2023,0.001940984,-0.024426531,-0.021591301,-0.006535241,-0.016628382
7/23/2023,0.0006287,0.006947026,0.013732018,-0.016747632,-0.003125547
7/24/2023,0.000680646,0.00702042,0.00400178,0.008905748,0.01082386
7/25/2023,0.000680183,-0.003443181,-0.006267942,0.018523191,0.001718747
7/26/2023,0.000679721,-0.001218076,-0.006690783,0.017344354,-0.000685535
7/29/2023,0.001932065,0.004742131,0.001190214,-0.002035239,-0.001885983
7/30/2023,0.000625815,-0.003077798,-0.016818166,-0.000509458,-0.014674932
7/31/2023,0.000677524,0.003522485,0.004604398,0.010269871,0.003167617
8/1/2023,0.000781189,0.001009917,0.013703613,0.042130799,0.009955296
8/5/2023,0.00254764,0.005556465,0.026373196,-0.019574683,0.01956445
8/6/2023,0.000674816,-0.008872815,-0.00822657,-0.008560666,0.003419349
8/7/2023,0.000674361,0.004163893,0.00780654,-0.001863324,0.005407381
8/8/2023,0.000622084,-0.005339387,-0.010518444,-0.010404313,-0.006458123
8/9/2023,0.000673488,-0.000243378,0.000720692,0.007624216,-0.000433782
8/12/2023,0.001914371,-0.008433024,-0.035599182,-0.038983176,-0.023517402
8/13/2023,0.000671748,-0.002170664,0.002369532,0.019987145,-0.000865808
8/14/2023,0.000774533,-0.004149639,0.010184469,-0.000975361,0.004573417
8/15/2023,0.000619195,-0.012553246,-0.014904217,-0.004861856,-0.009482582
8/16/2023,0.001958259,-0.003299024,-0.001914147,-0.001318083,-0.002320727
8/19/2023,0.000617602,0.001379397,-0.015878081,-0.013188171,-0.008181902
8/20/2023,0.000720054,-0.016297499,-0.001016157,0.002536059,-0.001782263
8/21/2023,0.000616776,0.004574922,0.002538459,-0.003189653,0.001233458
8/22/2023,0.000719092,-0.007721718,-0.021500143,0.008404654,-0.009342532
8/23/2023,0.000667266,0.000468394,0.019410614,0.005949906,0.004296449
8/26/2023,0.001947919,0.032583811,0.036265412,-0.007645859,0.023608683
8/27/2023,0.000665523,0.010982817,0.027444443,0.004300638,0.028867725
8/28/2023,0.000665081,0.001669619,0.001230838,-0.004108778,0.015812391
8/29/2023,0.000715746,-0.001832658,-0.00256662,-0.000915359,0.005206968
8/30/2023,0.00112371,0.000326052,0.000660163,0.004671356,0.004588348
9/2/2023,0.00158127,0.001465918,0.001120484,0.000734819,0.000456306
9/3/2023,0.00066237,0.001382507,0.00217381,0.017966299,0.002847421
9/4/2023,0.000661931,0.00393374,0.015561854,-0.007095515,0.011533459
9/5/2023,0.002541814,0.001536844,0.013685362,-0.006560938,0.006918939
9/9/2023,0.000761286,-0.003968259,-0.020622494,0.005630448,-0.00998316
9/10/2023,0.000608612,-0.00142106,-0.001855959,-0.005659704,-0.002811789
9/11/2023,0.000658912,-0.006522117,0.002947478,-0.000760957,-0.000476609
9/12/2023,0.000658478,0.006318943,0.008051322,-0.00663898,0.002100104
9/13/2023,0.000961612,-0.000121924,0.00424959,0.007882552,-0.000158822
9/17/2023,0.002374758,0.003691763,0.006067206,-0.003397877,0.004242749
9/18/2023,0.000706286,0.001173638,-0.004796617,-0.009567053,-0.001077093
9/19/2023,0.000655391,-0.002632486,-0.005014254,2.96E-05,-0.002344267
9/20/2023,0.001661757,-0.003941412,-0.005681035,-0.006776967,-0.003424384
9/23/2023,0.001056046,0.002602262,-0.000563618,-0.006132786,-0.001352216
9/25/2023,0.001305942,-0.001706971,-0.013004084,-0.006215921,-0.008204894
9/26/2023,0.000702494,0.002153553,-0.001420968,-0.002827231,-0.001576607
9/27/2023,0.001503684,0.005868205,0.000413003,-0.004552429,0.000119122
9/30/2023,0.001101267,-0.002383599,-0.005087044,-0.009750956,-0.006427787
10/1/2023,0.000700175,-0.019523574,-0.011196258,0.005666518,-0.0083679
10/2/2023,0.000699685,0.004362506,0.004260518,0.001449751,0.000180521
10/4/2023,0.001348012,0.003279901,0.004218434,-0.003712507,0.001069107
10/7/2023,0.001943926,-0.008550223,-0.012263374,0.026299219,-0.008191403
10/8/2023,0.000647136,-0.016819014,-0.032533302,0.072160465,-0.025455707
10/9/2023,0.000646718,8.40E-05,0.013740122,0.019695734,0.002160495
10/10/2023,0.000695998,0.001258601,0.007287655,-0.044909337,0.004215187
10/11/2023,0.001787488,0.012168338,0.006705925,-0.002207334,0.002799312
10/14/2023,0.000892547,-0.01019971,-0.016539478,0.014900622,-0.00907696
10/15/2023,0.000644122,-0.0023041,0.002017413,-0.010618569,0.000239646
10/16/2023,0.000643708,0.007354511,0.01645767,-0.018178542,0.00807107
10/17/2023,0.000692761,0.013481306,0.002726256,0.008234883,0.006459974
10/18/2023,0.001927307,-0.002508792,-0.012212274,0.020997551,-0.003798722
10/21/2023,0.000740284,0.000699804,0.009291,-0.011110676,0.000705938
10/22/2023,0.000641136,0.004844016,0.006294449,0.005549592,0.003568636
10/23/2023,0.000689995,0.000982359,-0.011435472,0.000112937,-0.00508546
10/24/2023,0.000591046,-0.013302505,-0.01075001,0.000409289,-0.010718928
10/25/2023,0.000935108,-0.005737823,0.002268014,0.006399774,0.000863677
10/28/2023,0.001818495,-0.015633198,-0.033490021,0.041335575,-0.025731117
10/29/2023,0.000638146,0.003467087,0.016390901,-0.024237339,0.00515995
10/30/2023,0.000637739,0.018732777,0.016266738,-0.009193939,0.010197807
10/31/2023,0.000686342,-0.003402634,-0.001922895,0.008201082,-0.000105738
11/1/2023,0.001371272,-0.009144687,-0.010997428,0.002590389,-0.005407728
11/4/2023,0.001271643,0.017258657,0.030499547,-0.012016314,0.014453836
11/5/2023,0.000635215,0.004935438,-0.003505843,0.003031527,0.008728566
11/6/2023,0.00078125,0.010245197,0.009659957,-0.00547176,0.006985342
11/7/2023,0.000634317,0.007807009,0.015062993,-0.007230061,0.010688941
11/8/2023,0.002241279,-0.002097452,-0.00215164,0.00244389,0.001581448
11/11/2023,0.000389275,0.008963983,-0.00449285,-0.001417853,-0.000711313
11/12/2023,0.000680868,-0.011025381,-0.003703426,-0.002545944,-0.000413864
11/13/2023,0.000631819,0.016293803,0.001665439,0.001126079,0.001132716
11/14/2023,0.000728527,-0.016253343,-0.01031737,-0.005515796,-0.004823624
11/15/2023,0.000825022,0.005165467,-0.006503851,0.003516133,-0.003517109
11/18/2023,0.001696435,-0.002337297,-0.005008004,-0.003799091,-0.005066659
11/19/2023,0.000726164,-0.000887992,0.001111429,-0.002096377,-0.001152998
11/20/2023,0.000387072,0.001331692,-0.007542689,-0.008401137,-0.004071762
11/21/2023,0.000918696,-0.000282332,0.005367708,0.005945058,0.00106281
11/22/2023,0.001304065,0.007234758,0.004573415,0.00191711,0.001077802
11/25/2023,0.00139877,-0.001081883,-0.001704418,0.005616522,-0.001159829
11/26/2023,0.0006264,-0.000681786,0.001093119,-0.001553058,0.002205352
11/27/2023,0.000674147,-0.000923157,0.001214082,0.000988589,0.000803304
11/28/2023,0.000673692,0.003087227,0.001716753,-0.000833175,0.002860951
11/29/2023,0.000817445,0.00327725,0.024317405,0.005199502,0.013912314
12/2/2023,0.001824818,0.00964925,0.019563023,0.016959361,0.013187475
12/3/2023,0.000671463,0.002328841,0.010456306,0.00153261,0.015920524
12/4/2023,0.000671012,0.001418328,0.005987536,0.002507856,0.020544217
12/5/2023,0.000670562,-0.000827114,-0.000137771,-0.010236212,0.005193976
12/6/2023,0.001100663,-0.004660356,-0.001463069,-0.003384334,-0.002521113
12/9/2023,0.001577099,0.001028725,-0.007579321,-0.00631173,-0.004643788
12/10/2023,0.000716042,0.003237527,0.004308408,0.001935539,5.04E-05
12/11/2023,0.000715529,-0.002684036,-0.000500025,-0.004029574,0.00068757
12/12/2023,0.000572055,0.000948129,-0.002326478,-0.000492524,-0.000598451
12/13/2023,0.000762231,0.003035861,-0.001543699,0.000970744,-0.001471563
12/16/2023,0.0017129,-0.000590679,0.011558248,0.002752347,0.006344123
12/18/2023,0.001235272,0.006243517,0.019486071,-0.003033625,0.016363006
12/19/2023,0.000142433,0.001955341,0.001474115,-0.000703542,0.001902112
12/20/2023,0.000806739,0.001366467,-0.000246782,0.000675409,-0.000741236
12/23/2023,-0.000474473,-0.003987496,-0.00169921,0.00899002,-0.000848331
12/24/2023,-0.001662432,-0.000901342,-0.008335639,-0.001227507,-0.003735328
12/25/2023,-0.012581189,-0.00278754,-0.00137588,-0.003341422,-0.002553084
12/26/2023,0.000625617,-0.009718787,-0.005918165,0.004847698,-0.007201811
12/27/2023,0.006186922,0.0052267,0.00263715,0.002380307,-0.000616001
12/30/2023,0.002006115,0.007867552,0.006800097,0.011116295,0.002434471
12/31/2023,0,-0.004240789,-0.002921628,-0.001114344,-0.003035365
1/1/2024,-0.00468721,-0.001417602,-0.003036351,0.001141843,-0.003579576
1/2/2024,-0.00765181,-0.011971918,-0.003821772,0.011890909,-0.004418863
1/3/2024,-0.003048119,0.003225103,-0.001447421,0.007134716,-0.001637274
1/6/2024,0.031621492,0.000317965,0.001919284,-0.004651423,-0.000703605
1/7/2024,0.00140746,0.00455961,0.002576097,0.010730469,0.000490519
1/8/2024,0.000656137,0.00272582,0.000955798,0.001139067,-0.000380576
1/9/2024,0.000655707,-0.002093084,0.000924586,0.004956557,0.001121307
1/10/2024,0.000702066,0.004496694,0.010406831,0.04058528,0.006743989
1/13/2024,0.001963168,0.005494735,0.009765273,0.041350111,0.004393998
1/14/2024,0.000653534,-0.002037379,0.008596815,0.001901363,0.007659476
1/15/2024,0.000699741,-0.00819128,-0.007261424,-0.041921482,-0.001043055
1/16/2024,0.000699252,-0.001305767,-0.003966874,0.024665182,-0.003664612
1/17/2024,0.000698763,-0.00675383,0.002453296,-0.002709335,-0.00045411
1/20/2024,0.001953943,0.000677439,-0.011951322,0.003818418,-0.008752601
1/21/2024,0.000650467,-0.008039239,-0.008247143,0.027019539,-0.006349862
1/22/2024,0.000650044,-4.02E-05,-0.002457842,0.006958399,-0.00309249
1/23/2024,0.000742391,-0.00656744,-0.016209846,0.03875017,-0.012429038
1/24/2024,0.000880874,0.011734582,0.007674422,0.002047747,0.001622561
1/27/2024,0.001759423,0.005935208,0.001056573,0.006772737,0.00157127
1/28/2024,0.000601198,-0.005615643,0.000787874,-0.019204503,0.000562698
1/29/2024,0.000693241,-0.003601012,-0.005628159,0.025783436,-0.003653093
1/30/2024,0.000692761,-0.004902168,-0.008191926,-0.005122119,-0.004693708
1/31/2024,0.000784549,-8.06E-05,0.002903029,-0.024941669,-0.001454283
2/3/2024,0.001797525,0.000926094,0.003757532,-0.04087537,0.001806771
2/4/2024,0.000690496,-0.003426801,-0.007040514,-0.015135451,-0.005181172
2/5/2024,0.00069002,-0.001616685,0.001906061,-0.010495373,-0.000810642
2/6/2024,0.000689544,0.000161786,-0.005869263,0.02556961,-0.000583738
2/7/2024,0.000780909,0.003068973,-0.001051717,0.024382603,0.000369511
2/10/2024,0.000459074,0.011863867,0.001285282,-0.006797732,0.000991776
2/12/2024,0.002704253,-0.002433431,-0.010226566,0.018143736,-0.003915127
2/13/2024,0.000686358,-0.000439446,-0.00217299,-0.00560345,-0.000760029
2/14/2024,0.001964951,-0.002200133,-0.002264613,-0.001807373,-0.005643388
2/17/2024,0.00073016,-0.003208859,-0.011001211,0.008709463,-0.008952775
2/18/2024,0.000592863,-0.001527823,0.00726564,0.015128208,0.002184775
2/19/2024,0.000729195,0.005217124,0.003340514,-0.00475265,0.003022612
2/20/2024,0.00059208,-0.00072075,-0.000940864,-0.016351448,0.00031027
2/21/2024,0.001501399,0.02843232,-0.004852762,0.014142174,-0.00029052
2/24/2024,0.001272149,-0.028312159,-0.005555592,0.00942255,-0.002274733
2/26/2024,0.001225184,-0.012655846,-0.013024967,-0.004682706,-0.007933431
2/27/2024,0.00068001,-0.003412973,0.00343561,-0.003394995,-0.001839738
2/28/2024,0.000860683,0.003331847,0.005247793,-0.008461648,0.004296829
3/2/2024,0.001809546,0.015017292,0.038797936,0.02237647,0.015316202
3/3/2024,0.000677736,0.007286079,0.029237043,-0.018741279,0.028604873
3/4/2024,0.000677277,-0.006567057,-0.019546471,0.017288075,-0.003230043
3/5/2024,0.000631712,0.002273499,0.021591791,0.022279449,0.01487058
3/6/2024,0.000721468,0.000477973,-0.001453021,0.005885978,-0.0029854
3/9/2024,0,0,0,0.017177163,-0.000925002
3/10/2024,0.002610968,0.000199088,-0.015636767,-0.027860507,-0.001630722
3/11/2024,0.000719069,-0.006711166,0.006344602,0.005835272,0.000619651
3/12/2024,0.000583863,-0.003292118,-0.006489266,-0.002935997,0.000885587
3/13/2024,0.000942444,-0.002012721,-0.010702085,-0.010058789,-0.006233221
3/16/2024,0.0017479,0.00394113,-0.000954808,0.007409001,-0.000717129
3/17/2024,0.000716204,0.000802407,0.011504592,0.020448958,0.005529267
3/18/2024,0.003840834,0.017097832,0.026505901,0.030513753,0.015927697
3/24/2024,0.000802032,0.020641011,0.036411082,0.042498551,0.018620172
3/25/2024,0.000712378,0.00335422,-0.006255401,-0.018711229,0.007686045
3/26/2024,0.000622914,-0.001270966,-0.00781666,-0.016743452,-0.001854974
3/27/2024,0.000933645,0.000963002,0.00541748,0.024311781,0.005302649
3/30/2024,0.002574118,0.000577356,-0.000772131,0.026860597,-9.45E-05
4/2/2024,0.00119604,-0.013013352,-0.014030574,0.058221337,-0.007059752
4/3/2024,0.000885034,0.008964841,0.008420166,0.019724955,0.00250978
4/6/2024,0.001723567,-0.005695593,-0.012609199,0.040760304,-0.008873333
4/7/2024,0.000706246,-0.001672209,0.000823051,-0.054890129,0.001747849
4/8/2024,0.000705747,0.048135705,0.010863756,-0.03012063,0.008876799
4/9/2024,0.001982249,-0.043127444,-0.001628973,0.051801338,0.003120032
4/13/2024,0.00127537,0.005869196,-0.034368967,0.066679332,-0.024131182
4/14/2024,0.000659037,-0.012318575,-0.017599506,-0.006235898,-0.005076656
4/15/2024,0.000658602,0.012741986,0.019548553,-0.04648571,0.004595374
4/16/2024,0.000658169,-0.007726521,-0.014463375,0.026143499,-0.002234486
4/17/2024,0.002147005,0.002246844,0.018941549,0.009006215,0.002826497
4/20/2024,0.000525095,0.017224939,0.05896965,-0.048790164,0.034550786
4/21/2024,0.000699698,-0.006142361,-0.004228276,0.004663489,0.011731634
4/22/2024,0.000655523,-0.000344478,-0.00708948,-0.014894788,0.00172148
4/23/2024,0.000698751,-0.002836881,-0.00690295,-0.028268643,-0.005811433
4/24/2024,0.000741888,-0.000960227,0.003170962,-0.011546842,0.000411355
4/27/2024,0.001874088,0.00329932,-0.00162727,-0.019142705,0.00028321
4/28/2024,0.000652926,0.001454379,-0.011828564,-0.001510914,-0.00877815
4/29/2024,0.000739468,0.001986781,0.001530644,0.036621886,-0.001647822
4/30/2024,0.000652018,-0.005012734,-0.005123427,0.027648109,-0.005382727
5/1/2024,0.000955525,-0.001804604,0.003135312,-0.020836657,-0.001734911
5/5/2024,0.002341515,0.005556954,-0.004090223,-0.00732322,-0.002275719
5/6/2024,0.000649449,-0.012808114,-0.014130877,0.016713588,-0.009178734
5/7/2024,0.000692281,0.000193532,-0.0003921,-0.016829496,-0.003433383
5/8/2024,0.000691802,-0.000503262,-0.008672798,-0.016940724,-0.005541573
5/11/2024,0.002029405,0.001393027,-0.007597306,-0.007504633,-0.004882223
5/12/2024,0.000603709,-0.01045624,-0.007488749,-0.017373682,-0.006867344
5/13/2024,0.000646426,-0.001016459,-0.016672274,-0.016881552,-0.014582191
5/14/2024,0.000646009,-0.004508309,0.002208857,0.000727031,0.001918606
5/15/2024,0.000731639,-0.006504152,4.61E-05,0.006204291,-0.000406996
5/18/2024,0.00197705,0.00858442,-0.003496238,-0.011428111,0.001838755
5/19/2024,0.000643846,-0.015887778,-0.0265713,0.001973685,-0.026216357
5/21/2024,0.001886227,0.000318649,0.001243008,-0.000945238,0.000749426
5/25/2024,0.002181866,-0.002073035,-0.013021069,-0.022369135,-0.007435728
5/26/2024,0.00064082,-0.005963954,-0.023422478,-0.007173632,-0.009296866
5/27/2024,0.000597729,-0.0064441,0.004772693,0.013868156,-0.01011868
5/28/2024,0.000682681,0.00459567,0.027945127,0.041578931,0.005689685
5/29/2024,0.000639591,0.001768134,0.008138968,-0.009621749,0.007798342
6/1/2024,0.002001406,0.012686678,-0.017338122,-0.025027162,0.003828564
6/2/2024,0.000765436,-0.005206793,-0.003701879,0.014474208,-0.0030589
6/5/2024,0.001911031,0.005087856,0.000394127,-0.002363717,-0.002670342
6/8/2024,0.001992075,-0.004808944,-0.015479056,-0.013231021,-0.008551584
6/9/2024,0.000677249,-0.004191874,0.009097661,0.000871632,-0.00120806
6/10/2024,0.00067679,0.00526695,0.023270537,-0.010929412,0.007823058
6/11/2024,0.000634075,-0.00526695,-0.010180692,-0.001584645,0.00154167
6/12/2024,0.001182532,0.000359993,-0.003168281,-0.0018607,-0.002682887
6/15/2024,0.001476202,-0.002602865,-0.009096387,0.00334048,-0.006791261
6/16/2024,0.001894777,0.003961669,-0.004051508,0.002806608,-0.007963832
6/18/2024,0.000588755,0.000997944,-0.001194273,-0.001947033,-0.00438707
6/19/2024,0.00046235,0.00354462,0.014662652,0.001225189,0.003732924
6/22/2024,0.001763373,0.007288604,-0.001996689,0.008451532,0.00179459
6/23/2024,0.000629023,0.00189267,0.004109315,0.02323241,0.001706012
6/24/2024,0.000754306,0.008980629,0.016687202,0.021177392,0.006787925
6/26/2024,0.001255913,-0.002188698,0.016320496,-0.014165633,0.009644265
6/29/2024,0.002006186,0.001641972,0.004060026,0.011641132,0.00521058
6/30/2024,0.000626109,0.004093174,-0.02355379,0.026233428,-0.011075434
7/1/2024,0.000792509,0.007209892,0.010465796,-0.009535616,0.001040107
7/2/2024,0.000583552,-0.001314061,0.020103897,0.002355829,0.007301138
7/3/2024,0.002289235,0.008433994,0.003177006,-0.018516402,0.004948313
7/6/2024,0.001412547,0.01831567,0.0708501,-0.042661244,0.04110258
7/7/2024,-0.000332185,-0.005664026,-0.034396952,0.021248226,0.01704613
7/8/2024,0.001079197,0.002722737,0.001234368,-0.008644014,-0.002312995
7/9/2024,0.000165927,-0.001133573,-0.000440671,-0.015702153,-0.001929741
7/10/2024,0.000870665,0.001511145,-0.004609287,0.00174767,-0.003468499
7/13/2024,0.001821796,0.012939702,0.003580299,-0.00675791,-0.004119883
7/14/2024,0.004128143,-0.001939648,0.003208414,0.01260285,0.000398556
7/17/2024,-0.000618136,0.001119487,0.006262283,0.010433519,0.00070171
7/20/2024,0.001153545,-0.003961141,-0.009242758,-0.016257671,-0.004671263
7/21/2024,0.000699718,-0.006385718,-0.008179401,0.005286685,-0.009266332
7/22/2024,0.000699229,0.007583188,0.003130542,-0.001831626,-0.001465723
7/23/2024,0.000616561,-0.000374056,0.011935989,0.012986661,0.00411855
7/24/2024,0.000616181,0.004479458,-0.000628132,0.003714631,-0.001216003
7/27/2024,0.002010216,-0.001267144,0.000635433,0.005688009,-0.006614527
7/29/2024,0.001351545,-0.000932749,-0.011248944,0.020163409,-0.013616228
7/30/2024,0.000695538,-0.002990656,-0.007977031,0.006687665,-0.005324342
7/31/2024,0.001267091,-0.002136312,-0.048629031,0.021874943,-0.02485655
8/3/2024,0.001347076,-0.015197631,-0.042215511,0.022689989,-0.030287379
8/4/2024,0.003664648,-0.001944673,0.012659678,-0.019155923,-0.000527182
8/5/2024,0.000650089,-0.000687259,0.003952066,0.005483353,-0.000546667
8/6/2024,-0.001829455,0.00236524,0.000256505,0.007495594,-0.000947462
8/10/2024,0.002276146,-0.002556229,0.016407102,-0.026401318,0.00061316
8/11/2024,0.000689949,-0.002026731,0.002110769,-0.020383059,-0.00023278
8/12/2024,0.001216397,0.000459242,-0.004344525,0.012371944,-0.002360204
8/13/2024,0.000688636,-0.002183282,-0.004331736,-0.007155489,-0.003793838
8/14/2024,8.10E-05,0.004743515,0.019802005,-0.001128255,0.003526522
8/17/2024,0.001901257,0.009344442,0.019646392,-0.002558129,0.007100732
8/18/2024,0.00080795,0.005053563,0.019582102,-0.005964579,0.009003909
8/19/2024,0.001130035,-0.00030099,-0.016862152,0.01969942,0.003679008
8/20/2024,0.000120999,0.006451393,-0.0029107,0.004367694,-0.002696756
8/21/2024,0.002859389,-0.002583062,0.010211026,-0.002851008,0.002286818
8/24/2024,-0.000160875,0.00333053,0.019633184,0.005314675,0.007377172
8/26/2024,0.001246106,0.003840637,-0.009054414,0.013908027,0.005333045
8/27/2024,0.001324796,-0.006271954,0.004072353,-0.009589372,0.002304172
8/28/2024,0.000802053,0.013465963,0.014520264,0.002485675,0.003968854
8/31/2024,0.001201875,0.008022713,0.019800757,0.003038241,0.010724945
9/1/2024,0.00128041,0.005956858,-0.009364839,0.006221218,0.005639074
9/3/2024,0.001638133,-0.002115554,-0.007586256,0.003210644,-0.000573866
9/7/2024,0.001755016,-3.65E-05,-0.001522717,-0.007574887,-0.003640679
9/8/2024,0.000717074,-0.008802228,-0.007715004,-0.004479927,-0.006463992
9/9/2024,0.000636968,0.002171074,0.015036445,0.001746186,0.003750607
9/10/2024,0.006821904,0.004986627,-0.005125954,0.00296442,-0.00364985
9/11/2024,0.003511752,-0.000475589,-0.003324379,0.007182013,-0.001775556
9/14/2024,0.003263929,-0.009818241,-0.004513618,0.013213462,-0.004384841
9/15/2024,0.013415168,0.012011384,-0.005970961,-0.006613343,-0.004793029
9/16/2024,-0.007972818,0.000365057,0.008053874,0.0032649,0.000976116
9/17/2024,-0.008903242,-0.005416497,0.016856011,0.00616001,0.007989988
9/18/2024,-0.003670598,0.005489492,0.006959482,0.008238581,0.00614784
9/22/2024,0.002211866,3.65E-05,-0.002940703,0.018006532,0.00090269
9/23/2024,0.001104101,0.023409123,0.01692844,0.014321441,0.008369005
9/24/2024,0.000197033,0.014124379,0.026678308,0.02204457,0.016923344
9/25/2024,0.000945217,0.009132484,-0.005689355,-0.016039464,0.001096645
9/28/2024,0.003693521,-0.009695052,-0.010047185,0.041674526,-0.003800722
9/29/2024,0.000313713,0.00732373,-0.009915738,-0.023943029,-0.00414319
9/30/2024,0.000392003,-0.001152818,-0.007888509,0.002699555,-0.002934931
10/1/2024,-0.000352796,-0.002660041,-0.009641218,0.012115012,-0.003811955
10/2/2024,0.000313603,-0.006716509,-0.010033106,0.013340655,-0.00409427
10/5/2024,0.002427091,0.002396392,-0.009510733,0.004961476,-0.003848156
10/6/2024,0.000273657,-0.008093204,-0.010024537,0.037936232,-0.002394363
10/7/2024,0.001952515,0.008409944,0.005389892,-0.015796785,-0.003721951
10/8/2024,-0.00054632,-0.002254554,0.009357489,-0.016329773,0.001638048
10/9/2024,0.000780366,0.002993223,0.006806932,-0.007395352,0.001102862
10/12/2024,0.001792534,-0.00394589,0.022455443,0.001134101,0.006726728
10/13/2024,0.000700553,0.000776315,0.013760085,0.009195701,0.000396918
10/14/2024,0.000583419,0.001762115,-0.020986862,0.018970441,-0.011372702
10/15/2024,0.000777363,0.00066879,-0.021246972,-0.006675531,-0.010351924
10/16/2024,0.000776759,0.002846152,0.007801548,0.016339354,-0.001693728
10/19/2024,0.002016755,-0.017628151,-0.014921675,0.025208048,-0.012018284
10/20/2024,0.000464828,-0.012975759,-0.018684227,0.022438893,-0.009829484
10/21/2024,0.000812929,0.005699871,0.005378325,0.001446403,-0.006877627
10/22/2024,0.000812269,0.000719192,-0.001498541,0.001966876,-0.006764942
10/23/2024,0.000579789,-0.014337163,-0.019802329,0.023549356,-0.01151782
10/26/2024,0.00208446,0.024280732,0.029558359,-0.082047066,0.012265084
10/27/2024,0.001156159,0.012309589,0.029556507,0.021452907,0.015284344
10/28/2024,-0.000115556,-0.011135776,0.024502937,0.030449902,0.012578852
10/29/2024,0.002462297,0.00287535,-0.025529259,0.035590012,3.51E-05
10/30/2024,-0.00088419,0.00357377,0.0134662,0.006891764,0.002217391
11/2/2024,0.0017676,0.012984005,-0.000822164,-0.013579684,0.00246236
11/3/2024,0.001994401,-0.003702544,-0.029903887,0.027526537,-0.013936376
11/4/2024,-0.000651578,-0.009882094,-0.002824013,-0.027808715,-0.007304781
11/5/2024,0.000613262,0.00472464,0.0177186,-0.013175259,0.003474435
11/6/2024,0.00068947,-0.002148002,-0.017696621,0.027322938,-0.00352072
11/9/2024,0.002027351,0.004501977,0.029232623,-0.027446604,0.017819433
11/10/2024,0.000611224,0.008421765,0.029556592,-0.033498625,0.017020306
11/11/2024,0.00068718,0.003231021,-0.002372251,-0.041310018,0.017491002
11/12/2024,0.000686708,-0.010215021,-0.004594486,0.015375126,0.003438117
11/13/2024,0.000914878,0.005834995,0.007816058,0.023710374,0.006242589
11/16/2024,0.001751181,0.022801057,0.027838561,-0.01283516,0.020966752
11/17/2024,0.006747562,0.000408552,-0.011103688,0.000470516,0.00879214
11/18/2024,-0.003823083,0.007190372,0.021481076,0.004749526,0.019534371
11/19/2024,-0.000910609,0.007642234,-0.006678867,0.026634896,0.006298985
11/20/2024,0.000720967,-0.015002816,-0.01482936,0.023075437,-0.0053411
11/23/2024,0.000606727,0.014768023,0.023678239,0.024662827,0.010769603
11/24/2024,0.000757892,0.005453069,0.028788649,-0.021136,0.021302865
11/25/2024,0.001589705,0.005755268,0.028771839,-0.020263781,0.024546475
11/26/2024,0.000945055,0.000729516,-0.01320384,0.00179473,0.010762281
11/27/2024,0.001812005,-0.001559157,0.000830367,0.005938611,0.00461839
11/30/2024,0.000904773,-0.007431014,-0.011643489,0.022483878,-0.004621579
12/1/2024,0.000640386,3.34E-05,-0.00764453,-0.014902177,-0.006447031
12/2/2024,0.001730755,0.017965349,0.028847634,0.008752942,0.025087892
12/3/2024,-0.000263183,-0.000295698,0.015468752,0.009221062,0.011698498
12/4/2024,0.001390324,-0.001084973,0.000982048,0.003815273,0.004968914
12/7/2024,0.001200886,-0.007528515,-0.020116284,-0.005350007,-0.013279939
12/8/2024,0.002247781,-0.003885435,-0.004545462,0.011285188,-0.006514359
12/9/2024,0.000374139,0.0085809,0.029471565,0.005409189,0.021853285
12/10/2024,0.004478789,-0.000362946,0.009307342,0.012827181,0.004758821
12/11/2024,0.004347591,0.004905117,0.014922584,0.028646416,0.009636157
12/14/2024,0.001445007,0.01615723,0.029554319,0.023995058,0.022609645
12/15/2024,0.003880056,-0.001778813,0.027704034,0.001643397,0.019790173
12/16/2024,0.00018439,0.000970654,0.004085963,0.015321447,0.012335856
12/17/2024,-0.002067108,-0.000905914,-0.02254669,0.010591774,-0.004613708
12/18/2024,-0.004406843,0.011105324,-0.011592348,-0.016943184,0.002428735
12/21/2024,-3.71E-05,0.010920024,0.029446954,-0.031707325,0.021539793
12/22/2024,-0.000408353,-0.000316686,0.000164312,-0.013803801,0.009009649
12/23/2024,0.008614209,0.004235286,0.008962145,0.031721635,0.012798191
12/24/2024,-0.00568519,0.005723826,0.019345953,0.00381006,0.016977828
12/25/2024,-0.000740713,0.002443074,-0.01431084,-0.011826332,0.000605822
12/28/2024,0.001813774,6.26E-05,0.006320905,0.021847136,-0.007566498
12/29/2024,0.000628501,0,-0.017506383,-0.020262657,-0.017728796
12/30/2024,0.000591169,-0.008040244,-0.010135654,-0.008188804,-0.015561971
12/31/2024,0.000959906,-0.001104293,0.013356359,0.010072825,0.008947684
1/1/2025,0.001253872,0.016282415,0.01533991,-0.001412683,0.010378828
1/4/2025,0.001325918,0.007272309,0.028882164,-0.014294761,0.021898091
1/5/2025,0.00051516,0.000524036,0.000958566,-0.001585115,0.006446854
1/6/2025,0.000625195,0.000184888,0.005309296,-0.006351321,0.001353545
1/7/2025,0.000771761,0.006143469,0.025745645,0.016772599,0.017225685
1/8/2025,0.000550893,0.008355745,0.012522817,0.014678738,0.007661352
1/11/2025,0.002053991,0.001031992,-0.012715903,0.026774422,-0.011489127
1/12/2025,0.000586081,-0.000728354,-0.027755527,-0.006753057,-0.018615978
1/13/2025,0.000695525,-0.00279695,0.016170248,0.008650938,0.003265118
1/15/2025,0.001353056,-0.008745163,0.007899068,-0.009375239,-0.00015057
1/18/2025,0.004048219,-0.000184287,-0.023366626,-0.003519636,-0.017804876
1/19/2025,0.000254745,0.001442669,0.004835682,0.00660452,-0.005229835
1/20/2025,0.012619262,-0.001043425,-0.016203485,0.004982558,-0.015124108
1/21/2025,-0.001762178,0.000399085,0.002540375,0.018082071,0.000758961
1/22/2025,0.016492717,0.003186961,0.029093407,0.027661883,0.01912823
1/25/2025,0.015423567,0.002902316,0.012013098,0.018075991,0.009189163
1/26/2025,0.012713871,-0.000885077,-0.006699093,0.006012462,-0.006797457
1/27/2025,0.010819059,0.000274763,-0.005156379,-0.00461394,-0.004782842
1/29/2025,0,-0.001099505,0.007192732,-0.00479489,-0.002200306
2/1/2025,0.025783374,-0.002386417,-0.022946092,0.021807383,-0.013411129
2/2/2025,0,0.006107635,0.00544508,0.015572594,0.004590629
2/3/2025,0,-0.003110233,0.001167121,0.004411253,0.001315562
2/4/2025,0,0.005208742,0.018392132,0.002201405,0.008498114
2/5/2025,0,0.000455615,-0.013051397,0.030896038,-6.55E-05
2/9/2025,0,0.005873999,0.024438153,0.093607911,0.00626811
2/11/2025,0,-6.04E-05,-0.02296259,-0.022205927,-0.013315299
2/15/2025,0,-0.007089865,-0.030421532,0.015387276,-0.020967266
2/16/2025,0,-0.002862278,-0.029674656,-0.006313396,-0.017644258
2/17/2025,0,-0.017627158,0.014958416,0.01468409,0.008236405
2/18/2025,0,0.003129699,0.008388174,0.023743114,0.006751583
2/19/2025,0,0.002564619,0.003996461,0.045808908,0.004728778
2/22/2025,0,0.000771188,-0.009848148,0.046356525,-0.006649101
2/23/2025,0,-0.005255848,0.021177844,-0.043397305,0.007963647
2/24/2025,0,0.017484198,0.022702257,0.004616915,0.020572202
2/25/2025,0,0.00788863,0.0066257,-0.038975873,0.017136541
2/26/2025,0,0.012971207,-0.016185239,0.019804863,0.001059574
3/1/2025,0,0.003305887,0.003318405,-0.046893465,0.003631449
3/2/2025,0,0.007435419,0.004525145,-0.011499951,0.005810335
3/3/2025,0,-0.008089772,-0.030456763,-0.025701202,-0.020231408
3/4/2025,0.029655779,0.001011092,-0.003836353,0.018819666,-0.002884537
3/5/2025,0.033392401,0.003471556,-0.008178773,-0.022247029,-0.005495183
3/8/2025,0.045201994,-0.010600701,-0.021249678,0.041778186,-0.011898663
3/9/2025,0.016334972,-0.004169735,-0.026900307,0.03063431,-0.012701423
3/10/2025,-0.014787536,0.003031533,0.015061638,-0.007009798,0.000953966
3/11/2025,0.012675789,-0.005861241,-0.009195506,-0.010933295,-0.013400183
3/12/2025,0.004715954,-0.002233289,0.004165862,-0.004617001,0.00228754
3/15/2025,-0.018135403,0.009142921,0.029151005,0.001576493,0.015747045
3/16/2025,-0.019016149,0.000389123,-0.00523838,0.029567344,0.005912031
3/17/2025,0.011039171,-0.002757052,-0.005770537,0.058614249,-0.003482046
3/18/2025,0.022159517,0.000869891,-0.028589464,0.070725656,-0.012468146
3/25/2025,0.001084933,0.001797376,0.029301398,-0.015973956,0.011237947
3/26/2025,0.014113636,0.003793824,0.01590525,0.0348198,0.00928809
3/29/2025,0.023841584,0.008816384,-0.001738848,0.062043515,0.004239002
3/30/2025,0.034306827,0.022270552,0.021659129,-0.018043829,0.011689799
